,Date,ActiveCases,SC1-6M-VS2 HSC 12.0%,S-SC1-6M-VS2 HSC 12.0%,E-SC1-6M-VS2 HSC 12.0%,IS-SC1-6M-VS2 HSC 12.0%,IA-SC1-6M-VS2 HSC 12.0%,R-SC1-6M-VS2 HSC 12.0%,V1-SC1-6M-VS2 HSC 12.0%,Ev1-SC1-6M-VS2 HSC 12.0%,ISv1-SC1-6M-VS2 HSC 12.0%,IAv1-SC1-6M-VS2 HSC 12.0%,V2-SC1-6M-VS2 HSC 12.0%,Ev2-SC1-6M-VS2 HSC 12.0%,ISv2-SC1-6M-VS2 HSC 12.0%,IAv2-SC1-6M-VS2 HSC 12.0%
0,2021-07-01,771.0,777.0,1642570.0,762.0,800.0,80.0,77082.0,99440.0,44.0,1.0,4.0,37556.0,10.0,6.0,1.0
1,2021-07-02,880.0,803.341,1640567.3184,856.0704,803.6441,75.7595,77214.6937,99416.9434,47.8293,8.4449,4.4728,39314.8507,10.5373,6.3917,1.377
2,2021-07-03,878.0,829.2867,1638560.4448,937.0232,818.9841,75.5333,77350.8953,99393.6574,51.1765,15.2128,4.926,41073.4628,11.1295,6.8724,1.6655
3,2021-07-04,915.0,856.0722,1636545.7555,1010.5022,843.3901,77.6257,77491.5377,99369.9569,54.2957,21.3681,5.3529,42831.7919,11.8068,7.4135,1.9005
4,2021-07-05,970.0,884.5376,1634520.6243,1080.2315,874.9911,81.0671,77637.4006,99345.7072,57.3498,26.9917,5.7571,44589.7999,12.5883,8.0023,2.1069
5,2021-07-06,998.0,915.2565,1632483.0655,1148.6831,912.4785,85.3164,77789.1696,99320.8057,60.4431,32.1703,6.146,46347.4525,13.4861,8.6364,2.302
6,2021-07-07,970.0,948.6255,1630431.4965,1217.5191,954.9552,90.0809,77947.4744,99295.1703,63.6429,36.9891,6.5279,48104.7176,14.5081,9.3191,2.4981
7,2021-07-08,998.0,984.9258,1628364.5823,1287.8771,1001.8228,95.2099,78112.915,99268.7313,66.9928,41.5283,6.9104,49861.564,15.6603,10.0571,2.7038
8,2021-07-09,1050.0,1024.3647,1626281.134,1360.5579,1052.6983,100.6335,78286.0778,99241.426,70.5224,45.8612,7.2998,51617.9604,16.9474,10.8584,2.9249
9,2021-07-10,1071.0,1067.105,1624180.0414,1436.1464,1107.3541,106.326,78467.5475,99213.1959,74.2521,50.0531,7.7015,53373.8749,18.3739,11.7317,3.1659
10,2021-07-11,1152.0,1113.2831,1622060.2283,1515.091,1165.6749,112.2853,78657.9151,99183.9837,78.1976,54.162,8.1195,55129.2742,19.9446,12.6858,3.4299
11,2021-07-12,1192.0,1163.0229,1619920.6237,1597.755,1227.6272,118.522,78857.7834,99153.7326,82.3714,58.2384,8.5572,56884.1236,21.665,13.7293,3.7193
12,2021-07-13,1293.0,1216.4439,1617760.1411,1684.4497,1293.2371,125.0526,79067.7713,99122.3844,86.7848,62.3266,9.0171,58638.3865,23.5411,14.8705,4.0361
13,2021-07-14,1240.0,1273.6667,1615577.6656,1775.4561,1362.5759,131.8964,79288.5173,99089.8796,91.4484,66.4655,9.5014,60392.0241,25.5799,16.1177,4.3822
14,2021-07-15,1288.0,1334.8176,1613372.044,1871.0392,1435.7484,139.0739,79520.6825,99056.1562,96.3731,70.689,10.0121,62144.9954,27.7892,17.4789,4.7593
15,2021-07-16,1420.0,1400.03,1611142.078,1971.4569,1512.8865,146.6061,79764.9527,99021.1499,101.5698,75.0272,10.5508,63897.2566,30.1779,18.9621,5.169
16,2021-07-17,1385.0,1469.4471,1608886.5189,2076.966,1594.1432,154.5139,80022.0406,98984.7936,107.0504,79.507,11.1191,65648.7612,32.7555,20.5753,5.6132
17,2021-07-18,1381.0,1543.2224,1606604.0632,2187.8267,1679.6897,162.8188,80292.6886,98947.017,112.827,84.1526,11.7183,67399.4598,35.5326,22.327,6.0936
18,2021-07-19,1559.0,1621.5204,1604293.3493,2304.3048,1769.7127,171.5421,80577.6698,98907.7467,118.9126,88.9862,12.3501,69149.2999,38.5209,24.2256,6.6124
19,2021-07-20,1594.0,1704.5175,1601952.9542,2426.6734,1864.4125,180.7058,80877.791,98866.9057,125.3211,94.0284,13.016,70898.2256,41.7327,26.2803,7.1717
20,2021-07-21,1553.0,1792.4021,1599581.3906,2555.2147,1964.0026,190.3322,81193.8942,98824.4135,132.067,99.2985,13.7175,72646.1775,45.1815,28.5004,7.7738
21,2021-07-22,1573.0,1885.3752,1597177.104,2690.2208,2068.7083,200.4441,81526.8584,98780.186,139.1655,104.8153,14.4562,74393.0924,48.8817,30.896,8.4212
22,2021-07-23,1519.0,1983.6502,1594738.4701,2831.9938,2178.7667,211.0652,81877.6023,98734.1349,146.6329,110.5965,15.234,76138.9032,52.8485,33.4777,9.1167
23,2021-07-24,1627.0,2087.4535,1592263.7924,2980.8472,2294.4263,222.2197,82247.0859,98686.168,154.4859,116.6598,16.0524,77883.5386,57.0984,36.2566,9.8631
24,2021-07-25,1812.0,2197.0248,1589751.2991,3137.1054,2415.9469,233.9328,82636.3125,98636.1888,162.7422,123.0226,16.9135,79626.923,61.6486,39.2448,10.6636
25,2021-07-26,1955.0,2312.6169,1587199.1407,3301.1049,2543.5997,246.2305,83046.3314,98584.0964,171.4203,129.7023,17.8191,81368.9762,66.5177,42.4549,11.5213
26,2021-07-27,2331.0,2434.4964,1584605.3874,3473.1939,2677.6671,259.1398,83478.2395,98529.7854,180.5394,136.7166,18.7712,83109.6129,71.725,45.9004,12.4398
27,2021-07-28,2299.0,2562.9437,1581968.0265,3653.7326,2818.4429,272.6883,83933.1838,98473.1457,190.1196,144.0833,19.7721,84848.7429,77.2913,49.5958,13.4229
28,2021-07-29,2718.0,2698.2532,1579284.96,3843.0936,2966.2327,286.9051,84412.3636,98414.0622,200.1816,151.8205,20.824,86586.2706,83.2383,53.5561,14.4744
29,2021-07-30,3179.0,2840.7338,1576554.0018,4041.6619,3121.3533,301.8198,84917.0327,98352.4148,210.7471,159.9469,21.929,88322.0945,89.589,57.7974,15.5985
30,2021-07-31,3207.0,2990.7089,1573772.8791,4249.8307,3284.1334,317.4633,85448.5021,98288.0786,221.8382,168.4814,23.0897,90056.1076,96.3674,62.337,16.7996
31,2021-08-01,3362.0,3146.8441,1571451.8271,4002.854,3417.5417,326.4316,86006.9241,98247.8487,209.0785,175.6135,23.7814,91801.053,91.9751,66.5057,17.6429
32,2021-08-02,3309.0,3302.2738,1564850.3895,3814.6615,3496.5668,326.0134,86588.0437,99920.3828,199.6923,180.076,23.8066,96095.8996,89.2216,69.7403,17.9567
33,2021-08-03,3478.0,3451.1678,1558242.8139,3666.2889,3535.9461,320.899,87187.4093,101591.8372,192.9199,182.6085,23.5094,100389.63,87.8191,72.2506,18.0254
34,2021-08-04,3472.0,3589.876,1551634.9185,3545.2773,3546.604,313.6921,87801.4032,103262.5132,188.0156,183.7908,23.0861,104682.3862,87.3942,74.2372,18.0114
35,2021-08-05,3628.0,3716.286,1545030.6764,3443.088,3536.5833,305.7845,88427.0295,104932.628,184.4449,184.0573,22.6415,108974.2783,87.6702,75.8677,18.0001
36,2021-08-06,3898.0,3829.353,1538432.7813,3353.883,3511.76,297.875,89061.7646,106602.3389,181.8243,183.7264,22.227,113265.3927,88.4422,77.2739,18.0312
37,2021-08-07,3929.0,3928.7584,1531843.0419,3273.6797,3476.4024,290.278,89703.451,108271.7606,179.878,183.0263,21.8641,117555.7976,89.5586,78.5537,18.1191
38,2021-08-08,4166.0,4014.6663,1525262.6551,3199.7683,3433.5975,283.1021,90350.222,109940.9776,178.4077,182.1163,21.5576,121845.5484,90.9071,79.776,18.264
39,2021-08-09,4189.0,4087.5503,1518692.3963,3130.3106,3385.5716,276.3532,91000.4458,111610.0531,177.2701,181.1046,21.304,126134.6904,92.4046,80.9868,18.4597
40,2021-08-10,4046.0,4148.0723,1512132.7502,3064.0628,3333.9276,269.9913,91652.6851,113279.0352,176.3614,180.0622,21.0964,130423.2619,93.9895,82.214,18.6969
41,2021-08-11,3969.0,4196.9988,1505584.0014,3000.1869,3279.8193,263.9606,92305.6669,114947.9612,175.6065,179.0327,20.9265,134711.2961,95.616,83.4723,18.9658
42,2021-08-12,4157.0,4235.1438,1499046.2977,2938.1205,3224.0785,258.2051,92958.2581,116616.8608,174.9506,178.0413,20.7865,138998.8219,97.2503,84.7667,19.2572
43,2021-08-13,4453.0,4263.3311,1492519.6918,2877.4884,3167.3055,252.675,93609.448,118285.7585,174.3537,177.0996,20.6692,143285.8656,98.8674,86.096,19.5632
44,2021-08-14,4407.0,4282.3687,1486004.1721,2818.0415,3109.9362,247.3291,94258.3326,119954.6746,173.7867,176.2108,20.5688,147572.4512,100.4486,87.4543,19.8769
45,2021-08-15,4420.0,4293.0335,1479499.6825,2759.6159,3052.2889,242.1347,94904.1032,121623.6267,173.2283,175.3724,20.4801,151858.601,101.9802,88.8336,20.1925
46,2021-08-16,4422.0,4296.0625,1473006.1364,2702.105,2994.5973,237.0669,95546.0358,123292.6306,172.6627,174.5784,20.3992,156144.3361,103.4522,90.2242,20.5057
47,2021-08-17,4288.0,4292.1476,1466523.4262,2645.4403,2937.0349,232.1068,96183.4826,124961.7001,172.0786,173.821,20.3229,160429.6764,104.8573,91.6163,20.8128
48,2021-08-18,4265.0,4281.9339,1460051.43,2589.5785,2879.7316,227.2408,96815.8645,126630.8483,171.4675,173.0917,20.2487,164714.6413,106.1902,93.0,21.111
49,2021-08-19,4248.0,4266.0198,1453590.0163,2534.4932,2822.7863,222.4589,97442.6647,128300.087,170.8237,172.3816,20.1748,168999.2491,107.4473,94.3659,21.3982
50,2021-08-20,4372.0,4244.9582,1447139.0464,2480.1688,2766.2742,217.754,98063.4229,129969.4276,170.1428,171.6824,20.0996,173283.5178,108.6262,95.7055,21.6727
51,2021-08-21,4355.0,4219.2584,1440698.3773,2426.5966,2710.2544,213.1214,98677.73,131638.8807,169.4218,170.9863,20.022,177567.4647,109.7252,97.0112,21.9333
52,2021-08-22,4359.0,4189.3887,1434267.8631,2373.7724,2654.7732,208.5575,99285.2238,133308.4563,168.659,170.2862,19.9413,181851.1068,110.7436,98.276,22.1791
53,2021-08-23,4240.0,4155.779,1427847.3555,2321.6944,2599.8676,204.0601,99885.5845,134978.1642,167.8531,169.5759,19.8567,186134.4603,111.6812,99.4942,22.4096
54,2021-08-24,4047.0,4118.8236,1421436.705,2270.3625,2545.5674,199.6278,100478.5315,136648.0136,167.0036,168.8499,19.7679,190417.5413,112.5382,100.6606,22.6242
55,2021-08-25,3928.0,4078.8835,1415035.7615,2219.7772,2491.8967,195.2595,101063.8192,138318.0134,166.1103,168.1038,19.6746,194700.3654,113.315,101.7712,22.8228
56,2021-08-26,4033.0,4036.2894,1408644.3742,2169.9394,2438.8755,190.9547,101641.2346,139988.172,165.1735,167.3336,19.5766,198982.9477,114.0125,102.8224,23.0053
57,2021-08-27,4120.0,3991.344,1402262.3923,2120.8498,2386.5199,186.713,102210.5945,141658.4976,164.1937,166.5362,19.4737,203265.3029,114.6318,103.8116,23.1716
58,2021-08-28,3533.0,3944.324,1395889.6564,2072.5179,2334.8436,182.5341,102771.7424,143328.9971,163.1725,165.7089,19.3659,207547.4448,115.1745,104.7364,23.3218
59,2021-08-29,,3895.4849,1389525.3181,2025.573,2283.9118,178.4287,103324.5486,144999.6174,162.1653,164.8542,19.2545,211829.3421,115.683,105.598,23.4577
60,2021-08-30,,3845.0693,1383169.9351,1979.2591,2233.7622,174.3992,103868.9122,146670.4262,161.1085,163.9731,19.1398,216111.0531,116.1106,106.3971,23.5799
61,2021-08-31,,3793.2968,1376823.3451,1933.6085,2184.3756,170.4379,104404.7527,148341.429,160.0059,163.0626,19.0211,220392.5901,116.4608,107.1319,23.6876
62,2021-09-01,,3740.3632,1370485.2827,1888.6436,2135.7397,166.5408,104931.9903,150012.678,158.8606,162.1204,18.898,224674.0443,116.7364,107.8012,23.7803
63,2021-09-02,,3686.4505,1355179.0739,1843.3667,2087.7874,162.6943,105450.6092,154975.6876,157.9853,161.1607,18.7749,234640.8593,117.2161,108.4153,23.8654
64,2021-09-03,,3631.7075,1339883.6685,1797.0716,2040.2784,158.855,105960.5541,159938.1316,157.5991,160.2504,18.6696,244606.7343,118.0947,109.0233,23.9706
65,2021-09-04,,3576.2577,1324598.8577,1750.1326,1993.0104,154.9966,106461.7898,164900.0436,157.582,159.4468,18.5928,254571.7054,119.2665,109.671,24.1127
66,2021-09-05,,3520.2057,1309324.1519,1703.1104,1945.8824,151.1159,106954.2866,169861.4273,157.8642,158.7861,18.548,264535.7847,120.6674,110.3909,24.2972
67,2021-09-06,,3463.6457,1294059.6456,1655.9328,1898.8467,147.2174,107438.0235,174822.3466,158.3332,158.2857,18.5338,274499.0324,122.2012,111.2015,24.522
68,2021-09-07,,3406.661,1278805.1559,1608.7939,1851.8742,143.3059,107912.9857,179782.8365,158.9235,157.947,18.5457,284461.4857,123.8103,112.1089,24.7805
69,2021-09-08,,3349.3259,1263560.4948,1561.8566,1804.9699,139.3896,108379.1641,184742.9308,159.5825,157.7615,18.5786,294423.1806,125.4483,113.1104,25.0648
70,2021-09-09,,3291.7084,1248325.4768,1515.2522,1758.1623,135.4782,108836.5559,189702.6632,160.2673,157.7141,18.6271,304384.1528,127.0778,114.197,25.3666
71,2021-09-10,,3233.8714,1233099.9174,1469.0871,1711.4955,131.5816,109285.1644,194662.0665,160.9434,157.7855,18.6863,314344.4377,128.6682,115.3554,25.6784
72,2021-09-11,,3175.874,1217883.6327,1423.4482,1665.023,127.7087,109724.9995,199621.1732,161.583,157.9541,18.7515,324304.0698,130.1953,116.5694,25.993
73,2021-09-12,,3117.7724,1202676.332,1378.5035,1618.8107,123.8692,110156.0773,204580.0,162.1777,158.1983,18.8192,334263.0706,131.6512,117.8223,26.3047
74,2021-09-13,,3059.6216,1187477.9336,1334.1999,1572.9243,120.0711,110578.4215,209538.5918,162.6948,158.4967,18.8859,344221.485,133.0082,119.0966,26.6086
75,2021-09-14,,3001.4741,1172288.2573,1290.5848,1527.4185,116.3193,110992.0618,214496.9793,163.1207,158.827,18.9486,354179.3458,134.2544,120.3744,26.9
76,2021-09-15,,2943.3791,1157107.1179,1247.7009,1482.3473,112.6183,111397.0335,219455.1917,163.4454,159.1689,19.0048,364136.6847,135.3813,121.6387,27.175
77,2021-09-16,,2885.384,1141934.3302,1205.583,1437.7619,108.9724,111793.3774,224413.2573,163.6616,159.5035,19.0526,374093.5325,136.3827,122.8736,27.4307
78,2021-09-17,,2827.5335,1126769.7097,1164.2593,1393.7104,105.385,112181.1395,229371.2037,163.7641,159.8141,19.0904,384049.9191,137.254,124.0647,27.6646
79,2021-09-18,,2769.8705,1111613.0708,1123.7538,1350.2372,101.8593,112560.3711,234329.0573,163.7495,160.0855,19.117,394005.8735,137.9929,125.1989,27.875
80,2021-09-19,,2712.4362,1096464.187,1084.1228,1307.3865,98.3984,112931.1286,239286.8362,163.6226,160.3056,19.1316,403961.4173,138.6037,126.2654,28.0609
81,2021-09-20,,2655.2705,1081322.921,1045.3322,1265.1961,95.0048,113293.4737,244244.5731,163.3742,160.4633,19.1337,413916.5846,139.0786,127.2545,28.2212
82,2021-09-21,,2598.4115,1066189.0896,1007.3951,1223.6967,91.6795,113647.4728,249202.2919,163.0048,160.5491,19.1226,423871.4017,139.4186,128.1578,28.3553
83,2021-09-22,,2541.8954,1051062.5115,970.3211,1182.9157,88.4238,113993.1962,254160.0154,162.5155,160.555,19.0981,433825.8942,139.625,128.9682,28.4626
84,2021-09-23,,2485.7565,1035943.0065,934.1166,1142.8769,85.2386,114330.7186,259117.7657,161.9082,160.4745,19.06,443780.0865,139.6998,129.6799,28.5431
85,2021-09-24,,2430.0272,1020830.3958,898.7858,1103.6012,82.1248,114660.1185,264075.5638,161.1851,160.3026,19.0083,453734.0024,139.6455,130.2884,28.5967
86,2021-09-25,,2374.7387,1005724.5019,864.3308,1065.1064,79.0828,114981.4783,269033.4299,160.349,160.0354,18.943,463687.6644,139.4649,130.7904,28.6237
87,2021-09-26,,2319.9204,990625.1389,830.7613,1027.408,76.1133,115294.8837,273991.3806,159.4053,159.6705,18.8644,473641.0922,139.1632,131.1833,28.6244
88,2021-09-27,,2265.6005,975532.1376,798.0694,990.5196,73.2166,115600.424,278949.4354,158.3559,159.2063,18.7728,483594.3076,138.7427,131.4661,28.5994
89,2021-09-28,,2211.8055,960445.332,766.2464,954.4507,70.3928,115898.1919,283907.6128,157.2032,158.642,18.6684,493547.3316,138.2059,131.6378,28.5493
90,2021-09-29,,2158.5608,945364.552,735.2888,919.2084,67.6417,116188.2827,288865.9292,155.951,157.9774,18.5515,503500.183,137.5566,131.6984,28.4746
91,2021-09-30,,2105.89,930289.6294,705.1917,884.7978,64.9629,116470.7947,293824.4,154.6035,157.213,18.4226,513452.8799,136.7992,131.6484,28.376
92,2021-10-01,,2053.8153,915220.3987,675.949,851.2223,62.3563,116745.8287,298783.0396,153.1648,156.3499,18.2819,523405.4392,135.9377,131.4889,28.2542
93,2021-10-02,,2002.3576,900156.6961,647.5539,818.4834,59.8215,117013.4878,303741.8617,151.6392,155.3896,18.13,533357.8771,134.9765,131.2216,28.11
94,2021-10-03,,1952.2215,884947.2111,756.9512,797.7397,59.5764,117274.4026,308657.3533,189.4902,157.3194,18.8269,543270.8345,169.6171,132.9829,29.3085
95,2021-10-04,,1906.3136,869742.1963,843.1238,795.454,62.2246,117531.0603,313571.3603,221.6734,164.0936,20.6578,553182.0726,199.1983,138.4344,32.3074
96,2021-10-05,,1866.9918,854536.1474,915.2352,806.28,66.2267,117785.9172,318482.1832,250.749,174.5211,23.0718,563090.0464,226.0307,146.9285,36.2361
97,2021-10-06,,1835.6717,839325.4766,979.0639,826.5641,70.794,118041.0127,323388.5595,278.4193,187.7878,25.7865,572993.5985,251.6569,157.9381,40.6494
98,2021-10-07,,1813.1455,824107.8219,1038.2379,853.812,75.5473,118298.11,328289.5067,305.8265,203.3553,28.6701,582891.8202,277.1167,171.0676,45.3403
99,2021-10-08,,1799.8002,808881.6055,1095.0218,886.3198,80.3234,118558.7874,333184.2182,333.7476,220.8836,31.6724,592783.9581,303.1214,186.0397,50.2311
100,2021-10-09,,1795.7666,793645.7537,1150.8168,922.919,85.0679,118824.4968,338071.9941,362.7226,240.1738,34.7855,602669.3528,330.169,202.6762,55.3115
101,2021-10-10,,1801.0195,778399.5185,1206.4762,962.8031,89.7775,119096.6036,342952.1955,393.1393,261.126,38.0224,612547.3975,358.62,220.8766,60.6039
102,2021-10-11,,1815.4442,763142.3663,1262.5062,1005.4086,94.4689,119376.4125,347824.2142,425.2875,283.7092,41.4046,622417.5112,388.7468,240.5996,66.1447
103,2021-10-12,,1838.8806,747873.9077,1319.1911,1050.3344,99.1644,119665.1857,352687.4527,459.395,307.9401,44.9566,632279.1198,420.7659,261.8484,71.9748
104,2021-10-13,,1871.1509,732593.8543,1376.6726,1097.2866,103.884,119964.1551,357541.3109,495.651,333.8683,48.7026,642131.6448,454.8593,284.6585,78.1347
105,2021-10-14,,1912.0776,717301.9931,1434.9988,1146.0426,108.6437,120274.5317,362385.1772,534.2207,361.5659,52.6657,651974.4945,491.1875,309.0889,84.6631
106,2021-10-15,,1961.4947,701998.1704,1494.1555,1196.4244,113.4539,120597.5126,367218.4228,575.2553,391.121,56.8673,661807.0589,529.8991,335.2157,91.5964
107,2021-10-16,,2019.2532,686682.2837,1554.0847,1248.2822,118.3204,120934.2859,372040.3975,618.898,422.6323,61.3273,671628.7059,571.1355,363.1275,98.9685
108,2021-10-17,,2085.2243,671354.2775,1614.6964,1301.4823,123.2447,121286.0348,376850.4274,665.2874,456.2067,66.0647,681438.7788,615.035,392.9218,106.8117
109,2021-10-18,,2159.3008,656014.1417,1675.8759,1355.8989,128.2248,121653.9414,381647.8128,714.5606,491.9566,71.0972,691236.5943,661.7349,424.7032,115.1569
110,2021-10-19,,2241.3965,640661.9124,1737.4871,1411.4089,133.2556,122039.1888,386431.8274,766.8539,529.9989,76.4421,701021.4416,711.3724,458.5815,124.034
111,2021-10-20,,2331.4456,625297.6725,1799.3764,1467.8867,138.3296,122442.964,391201.7173,822.304,570.4538,82.1163,710792.5817,764.0859,494.6705,133.4725
112,2021-10-21,,2429.4009,609921.5546,1861.3728,1525.2023,143.4372,122866.4589,395956.7009,881.0478,613.4443,88.1361,720549.2463,820.0148,533.0879,143.5015
113,2021-10-22,,2535.2323,594533.7432,1923.2894,1583.2185,148.5669,123310.8724,400695.9686,943.2231,659.0958,94.5182,730290.6384,879.2996,573.9537,154.1499
114,2021-10-23,,2648.9246,579134.4776,1984.9234,1641.7894,153.7054,123777.4114,405418.6829,1008.9676,707.5355,101.2786,740015.9315,942.082,617.3911,165.4468
115,2021-10-24,,2770.4755,563724.0547,2046.0563,1700.7591,158.838,124267.2913,410123.9787,1078.4194,758.8922,108.4338,749724.2698,1008.5044,663.5249,177.4212
116,2021-10-25,,2899.8942,548302.8322,2106.4542,1759.9607,163.9484,124781.7365,414810.964,1151.7158,813.2959,115.9998,759414.7691,1078.7094,712.4822,190.1023
117,2021-10-26,,3037.1986,532871.2318,2165.8678,1819.2156,169.0192,125321.981,419478.7203,1228.9935,870.8776,123.9929,769086.5162,1152.8399,764.3914,203.5193
118,2021-10-27,,3182.4137,517429.7418,2224.0322,1878.3326,174.0312,125889.2679,424126.3033,1310.3873,931.769,132.4291,778738.5707,1231.0377,819.3824,217.7014
119,2021-10-28,,3335.5696,501978.9202,2280.6673,1937.1075,178.9643,126484.8492,428752.7445,1396.0302,996.1016,141.3243,788369.9645,1313.4439,877.5859,232.6778
120,2021-10-29,,3496.6997,486519.3979,2335.478,1995.3229,183.7967,127109.9852,433357.0516,1486.0521,1064.0071,150.6943,797979.7038,1400.1975,939.1333,248.4775
121,2021-10-30,,3665.8386,471051.8808,2388.1543,2052.7477,188.5056,127765.9436,437938.2107,1580.5792,1135.6162,160.5546,807566.7697,1491.4347,1004.1563,265.1293
122,2021-10-31,,3843.0204,455577.1529,2438.3718,2109.1371,193.0669,128453.9984,442495.1872,1679.7334,1211.0584,170.9202,817130.1196,1587.289,1072.7861,282.6616
123,2021-11-01,,4028.2769,440096.0782,2485.7922,2164.2324,197.455,129175.4284,447026.9284,1783.6314,1290.4615,181.806,826668.6888,1687.8894,1145.1535,301.1023
124,2021-11-02,,4221.6357,424609.603,2530.0638,2217.761,201.6434,129931.5155,451532.3645,1892.3837,1373.9508,193.2263,836181.3923,1793.36,1221.3879,320.4788
125,2021-11-03,,4423.1186,409118.7577,2570.8226,2269.4369,205.6043,130723.543,456010.4119,2006.0935,1461.6485,205.1945,845667.1263,1903.8195,1301.617,340.8174
126,2021-11-04,,4632.7397,393624.6585,2607.6927,2318.9604,209.309,131552.7931,460459.9748,2124.8563,1553.6732,217.7238,855124.7709,2019.3794,1385.966,362.1437
127,2021-11-05,,4850.5041,378128.5084,2640.2876,2366.0189,212.7274,132420.545,464879.9484,2248.7585,1650.1388,230.8263,864553.1924,2140.1442,1474.5572,384.482
128,2021-11-06,,5076.4057,362631.5982,2668.2111,2410.2872,215.8287,133328.0716,469269.2218,2377.8764,1751.154,244.5133,873951.2454,2266.2092,1567.5091,407.8554
129,2021-11-07,,5310.4261,347135.3068,2691.0592,2451.4284,218.5811,134276.6373,473626.6807,2512.2754,1856.8216,258.7949,883317.7762,2397.6605,1664.9357,432.2854
130,2021-11-08,,5552.5328,331641.1016,2708.4207,2489.094,220.952,135267.4943,477951.2113,2652.0088,1967.237,273.6804,892651.6256,2534.5734,1766.9458,457.7919
131,2021-11-09,,5802.6774,316150.5378,2719.8795,2522.9254,222.9082,136301.8798,482241.7034,2797.1166,2082.4883,289.1775,901951.632,2677.0116,1873.6423,484.3928
132,2021-11-10,,6060.7949,300665.2576,2725.0158,2552.5545,224.4159,137381.0122,486497.0545,2947.6248,2202.6545,305.2928,911216.6354,2825.0261,1985.1211,512.1039
133,2021-11-11,,6326.8012,285186.9887,2723.4085,2577.6051,225.4408,138506.0872,490716.1738,3103.5441,2327.8051,322.0312,920445.4805,2978.654,2101.4703,540.9388
134,2021-11-12,,6600.5928,269717.5429,2714.6367,2597.6938,225.9483,139678.2743,494897.986,3264.8692,2457.999,339.3962,929637.0212,3137.9177,2222.7696,570.9084
135,2021-11-13,,6882.0444,254258.8128,2698.2824,2612.432,225.9037,140898.7125,499041.4361,3431.577,2593.2834,357.3895,938790.1242,3302.8236,2349.0892,602.021
136,2021-11-14,,7171.0088,238812.7695,2673.9322,2621.4265,225.2722,142168.5059,503145.4936,3603.6267,2733.6933,376.0108,947903.6737,3473.3611,2480.4886,634.2817
137,2021-11-15,,7467.3147,223381.4587,2641.1803,2624.2822,224.0194,143488.7196,507209.1575,3780.9582,2879.2499,395.258,956976.5758,3649.5019,2617.0162,667.6928
138,2021-11-16,,7770.7662,207966.9963,2599.6305,2620.603,222.111,144860.3752,511231.4608,3963.4911,3029.9602,415.1269,966007.763,3831.1986,2758.708,702.2528
139,2021-11-17,,8081.1418,192571.5638,2548.8991,2609.9944,219.5136,146284.4459,515211.4753,4151.1245,3185.8156,435.611,974996.1993,4018.3839,2905.5868,737.957
140,2021-11-18,,8398.1932,177197.403,2488.6174,2592.065,216.1943,147761.8519,519148.3171,4343.7357,3346.7917,456.7016,983940.8848,4210.9699,3057.6611,774.7966
141,2021-11-19,,8721.6448,161846.8094,2418.4348,2566.4291,212.1213,149293.4559,523041.1511,4541.1799,3512.8464,478.3877,992840.8609,4408.8473,3214.9245,812.759
142,2021-11-20,,9051.1931,146522.1262,2338.021,2532.7084,207.2641,150880.0579,526889.1965,4743.2894,3683.9201,500.6558,1001695.2155,4611.8843,3377.3546,851.8274
143,2021-11-21,,9386.5059,131225.7367,2247.0696,2490.535,201.5933,152522.3908,530691.7313,4949.8732,3859.9342,523.4896,1010503.088,4819.9263,3544.912,891.9806
144,2021-11-22,,9727.2222,115960.0567,2145.2999,2439.5532,195.0816,154221.1154,534448.0979,5160.717,4040.7907,546.8705,1019263.6743,5032.7954,3717.54,933.1931
145,2021-11-23,,10072.9516,100727.5257,2032.4608,2379.4224,187.7033,155976.8154,538157.7079,5375.5822,4226.3716,570.7772,1027976.2326,5250.2895,3895.1632,975.4347
146,2021-11-24,,10423.2749,85530.5987,1908.3328,2309.8194,179.435,157789.9931,541820.0468,5594.2068,4416.5382,595.1854,1036640.0882,5472.1825,4077.6871,1018.6704
147,2021-11-25,,10777.7435,70371.7365,1772.7309,2230.4412,170.2554,159661.0649,545434.6788,5816.3046,4611.1303,620.0685,1045254.6382,5698.2239,4264.9975,1062.8605
148,2021-11-26,,11135.8799,55253.3961,1625.5072,2141.0071,160.146,161590.3563,549001.2512,6041.5661,4809.9668,645.3967,1053819.3571,5928.1386,4456.96,1107.9604
149,2021-11-27,,11497.1784,40178.0207,1466.5532,2041.2617,149.091,163578.0983,552519.4989,6269.6583,5012.8441,671.1377,1062333.801,6161.627,4653.419,1153.9205
150,2021-11-28,,11861.1053,25148.0288,1295.8025,1930.9772,137.0777,165624.4228,555989.2484,6500.2256,5219.5372,697.2566,1070797.6128,6398.3655,4854.1979,1200.6863
151,2021-11-29,,12227.1001,10165.8039,1113.2324,1809.956,124.0966,167729.3593,559410.4217,6732.8905,5429.7987,723.7155,1079210.5264,6638.0065,5059.0987,1248.1982
152,2021-11-30,,12594.5761,-4766.3163,918.8662,1678.0331,110.1413,169892.8305,562783.0393,6967.2541,5643.3593,750.474,1087572.3707,6880.1791,5267.9012,1296.392
153,2021-12-01,,12962.922,-19646.0515,712.7747,1535.078,95.2095,172114.6497,566107.2241,7202.8975,5859.9283,777.4893,1095883.0739,7124.49,5480.3639,1345.1984
154,2021-12-02,,13331.503,-34471.1892,495.0776,1380.9977,79.3022,174394.5177,569383.2034,7439.3827,6079.1933,804.7158,1104142.6666,7370.5239,5696.2231,1394.5433
155,2021-12-03,,13699.6623,-49239.5959,265.945,1215.7379,62.4245,176732.0198,572611.3113,7676.2543,6300.8212,832.1058,1112351.2855,7617.8449,5915.1937,1444.3483
156,2021-12-04,,14066.7232,-63949.2286,25.5976,1039.2853,44.5854,179126.6239,575791.9912,7913.0407,6524.4586,859.6094,1120509.1758,7865.9974,6136.9693,1494.5303
157,2021-12-05,,14431.9905,-78598.1452,-225.6921,851.6693,25.7981,181577.6787,578925.7964,8149.2558,6749.7328,887.1744,1128616.694,8114.5079,6361.2224,1545.0018
158,2021-12-06,,14794.7533,-93184.5149,-487.6,652.963,6.0799,184084.4117,582013.3915,8384.4008,6976.2526,914.7468,1136674.3098,8362.8858,6587.6055,1595.6718
159,2021-12-07,,15154.2864,-107706.6285,-759.7504,443.2852,-14.5478,186645.9289,585055.5526,8617.9665,7203.6096,942.271,1144682.6073,8610.6259,6815.7511,1646.4449
160,2021-12-08,,15509.8536,-122162.9086,-1041.7164,222.8007,-36.059,189261.214,588053.1671,8849.4348,7431.3788,969.6898,1152642.2866,8857.2093,7045.2734,1697.2228
161,2021-12-09,,15860.7096,-136551.9178,-1333.0212,-8.2788,-58.4239,191929.1282,591007.2334,9078.2809,7659.1209,996.9446,1160554.1636,9102.1062,7275.7685,1747.9035
162,2021-12-10,,16206.1029,-150872.3689,-1633.1386,-249.6942,-81.6082,194648.411,593918.8594,9303.9763,7886.3831,1023.9758,1168419.1709,9344.7773,7506.8159,1798.3828
163,2021-12-11,,16545.2788,-165123.1319,-1941.4953,-501.1389,-105.5736,197417.6808,596789.261,9525.99,8112.7009,1050.723,1176238.3564,9584.6763,7737.98,1848.5536
164,2021-12-12,,16877.4821,-179303.2419,-2257.4721,-762.2589,-130.2776,200235.4363,599619.7599,9743.7919,8337.6001,1077.1253,1184012.8829,9821.252,7968.8108,1898.307
165,2021-12-13,,17201.9599,-193411.9049,-2580.4071,-1032.6538,-155.674,203100.0596,602411.7801,9956.8545,8560.5983,1103.1212,1191744.0259,10053.9508,8198.8463,1947.5326
166,2021-12-14,,17517.965,-207448.5036,-2909.5975,-1311.8771,-181.7126,206009.8179,605166.8452,10164.6558,8781.207,1128.6495,1199433.1713,10282.2189,8427.6134,1996.1187
167,2021-12-15,,17824.7589,-221412.6036,-3244.3026,-1599.4375,-208.3398,208962.866,607886.575,10366.6814,8998.9335,1153.649,1207081.8137,10505.5047,8654.63,2043.9531
168,2021-12-16,,18121.6146,-235303.9586,-3583.7468,-1894.7997,-235.4985,211957.2492,610572.682,10562.4272,9213.283,1178.0592,1214691.5539,10723.2617,8879.4066,2090.9233
169,2021-12-17,,18407.82,-249122.5089,-3927.1243,-2197.3875,-263.1284,214990.9103,613226.9641,10751.4018,9423.7611,1201.8203,1222264.0921,10934.9507,9101.4486,2136.9171
170,2021-12-18,,18682.6811,-262868.3873,-4273.6013,-2506.585,-291.1664,218061.6913,615851.3017,10933.1284,9629.8753,1224.8734,1229801.2264,11140.042,9320.258,2181.8231
171,2021-12-19,,18945.5246,-276541.919,-4622.3207,-2821.7387,-319.5467,221167.3395,618447.6516,11107.1476,9831.1377,1247.1613,1237304.8473,11338.0184,9535.3354,2225.5314
172,2021-12-20,,19195.7014,-290143.6223,-4972.4061,-3142.161,-348.2013,224305.5126,621018.041,11273.0195,10027.0672,1268.6283,1244776.9325,11528.3773,9746.1824,2267.9336
173,2021-12-21,,19432.589,-303674.2077,-5322.9658,-3467.1323,-377.0601,227473.785,623564.5613,11430.3255,10217.1914,1289.2203,1252219.5413,11710.6332,9952.3036,2308.924
174,2021-12-22,,19655.5946,-317134.5756,-5673.0972,-3795.9043,-406.0511,230669.6529,626089.3625,11578.6702,10401.0488,1308.8858,1259634.8093,11884.3196,10153.2086,2348.3992
175,2021-12-23,,19864.1578,-330525.8144,-6021.8916,-4127.7036,-435.1014,233890.5419,628594.6456,11717.6835,10578.191,1327.5754,1267024.9415,12048.9917,10348.4143,2386.2594
176,2021-12-24,,20057.7526,-343849.1962,-6368.4379,-4461.7347,-464.1368,237133.8134,631082.6562,11847.0219,10748.1848,1345.2422,1274392.2062,12204.228,10537.447,2422.4085
177,2021-12-25,,20235.8906,-357106.1728,-6711.8278,-4797.184,-493.0826,240396.7718,633555.6775,11966.3703,10910.614,1361.8424,1281738.9279,12349.6324,10719.8447,2456.7544
178,2021-12-26,,20398.1225,-370298.3702,-7051.1598,-5133.2234,-521.8636,243676.6717,636016.0231,12075.4431,11065.0814,1377.3351,1289067.4806,12484.8359,10895.1586,2489.2098
179,2021-12-27,,20544.0401,-383427.5819,-7385.5434,-5469.0144,-550.4051,246970.7259,638466.03,12173.9852,11211.2102,1391.6825,1296380.2801,12609.4983,11062.9559,2519.6922
180,2021-12-28,,20673.2793,-396495.7658,-7714.1041,-5803.7118,-578.6325,250276.1124,640908.0516,12261.7738,11348.6469,1404.8502,1303679.7776,12723.3103,11222.8214,2548.1247
181,2021-12-29,,20785.5201,-409505.0309,-8035.9869,-6136.4679,-606.4722,253589.9834,643344.4499,12338.618,11477.061,1416.8073,1310968.4508,12825.9935,11374.3593,2574.436
182,2021-12-30,,20880.4874,-422457.6287,-8350.3596,-6466.4363,-633.8517,256909.4732,645777.5888,12404.359,11596.1473,1427.5265,1318248.7969,12917.3017,11517.1942,2598.5606
183,2021-12-31,,20957.9537,-435355.9486,-8656.4173,-6792.7759,-660.7,260231.7052,648209.8276,12458.8717,11705.6269,1436.9841,1325523.3258,12997.0222,11650.974,2620.4394
184,2022-01-01,,21017.7379,-448202.504,-8953.3851,-7114.6541,-686.9479,263553.8,650643.5143,12502.0633,11805.2475,1445.1601,1332794.5524,13064.9757,11775.3696,2640.0195
185,2022-01-02,,21059.7091,-460999.9307,-9240.5228,-7431.2518,-712.5282,266872.8835,653080.9784,12533.8756,11894.7866,1452.0384,1340064.9893,13121.0187,11890.0786,2657.255
186,2022-01-03,,21083.787,-473750.9758,-9517.1288,-7741.7668,-737.3766,270186.0955,655524.5236,12554.2848,11974.0516,1457.6069,1347337.1389,13165.0442,11994.8264,2672.1072
187,2022-01-04,,21089.9382,-486458.477,-9782.5396,-8045.4173,-761.4309,273490.5971,657976.4229,12563.2983,12042.8785,1461.8572,1354613.4862,13196.9788,12089.3653,2684.5441
188,2022-01-05,,21078.178,-499125.3591,-10036.1343,-8341.445,-784.6324,276783.5785,660438.9122,12560.9557,12101.1337,1464.7847,1361896.4922,13216.7841,12173.4763,2694.5404
189,2022-01-06,,21048.5705,-511754.6223,-10277.336,-8629.1185,-806.9253,280062.2658,662914.1849,12547.3285,12148.7138,1466.3886,1369188.5869,13224.457,12246.9703,2702.0785
190,2022-01-07,,21001.2277,-524349.3313,-10505.6145,-8907.7362,-828.2571,283323.929,665404.386,12522.5187,12185.5461,1466.672,1376492.1633,13220.0288,12309.6884,2707.1475
191,2022-01-08,,20936.3084,-536912.6043,-10720.4872,-9176.6294,-848.5792,286565.8884,667911.6073,12486.6579,12211.5883,1465.6414,1383809.5702,13203.5646,12361.5022,2709.7437
192,2022-01-09,,20854.0175,-549447.602,-10921.5206,-9435.1648,-867.8464,289785.5213,670437.883,12439.9067,12226.8283,1463.3071,1391143.107,13175.1628,12402.3145,2709.8705
193,2022-01-10,,20754.6045,-561957.5163,-11108.3313,-9682.7466,-886.0177,292980.2687,672985.1847,12382.4526,12231.2838,1459.6827,1398495.018,13134.9541,12432.059,2707.5382
194,2022-01-11,,20638.3622,-574445.5602,-11280.5866,-9918.8187,-903.056,296147.641,675555.4178,12314.5093,12225.0017,1454.7854,1405867.4864,13083.1005,12450.7006,2702.7638
195,2022-01-12,,20505.6249,-586914.9571,-11438.0047,-10142.8667,-918.9281,299285.2238,678150.4176,12236.3155,12208.0576,1448.6355,1413262.6301,13019.7939,12458.235,2695.571
196,2022-01-13,,20356.7669,-599368.93,-11580.3552,-10354.4192,-933.6052,302390.6831,680771.9464,12148.1325,12180.555,1441.2562,1420682.4967,12945.2554,12454.6885,2685.9899
197,2022-01-14,,20192.2002,-611810.6919,-11707.4585,-10553.0493,-947.0625,305461.7702,683421.69,12050.2438,12142.6242,1432.6738,1428129.0592,12859.7332,12440.1174,2674.0567
198,2022-01-15,,20012.3727,-624243.4362,-11819.1855,-10738.3754,-959.2796,308496.3265,686101.2552,11942.9527,12094.4215,1422.9175,1435604.2124,12763.5018,12414.6074,2659.8138
199,2022-01-16,,19817.7656,-636670.3268,-11915.4572,-10910.0621,-970.2401,311492.287,688812.1681,11826.5811,12036.1282,1412.0188,1443109.7689,12656.8599,12378.2729,2643.3092
200,2022-01-17,,19608.8916,-649094.4895,-11996.2436,-11067.8209,-979.9319,314447.6844,691555.8713,11701.4676,11967.949,1400.0118,1450647.4566,12540.1291,12331.2563,2624.5961
201,2022-01-18,,19386.2923,-661519.0032,-12061.5623,-11211.41,-988.347,317360.6522,694333.7233,11567.9663,11890.1113,1386.9327,1458218.9157,12413.6523,12273.7266,2603.7331
202,2022-01-19,,19150.5354,-673946.892,-12111.4778,-11340.6346,-995.4813,320229.4276,697146.9966,11426.4444,11802.8635,1372.8199,1465825.6961,12277.7917,12205.879,2580.7834
203,2022-01-20,,18902.2126,-686381.1173,-12146.0997,-11455.347,-1001.3351,323052.3537,699996.877,11277.2814,11706.4736,1357.7135,1473469.2559,12132.9272,12127.9328,2555.8147
204,2022-01-21,,18641.9371,-698824.5703,-12165.5808,-11555.4454,-1005.9121,325827.8815,702884.463,11120.867,11601.2281,1341.6553,1481150.9594,11979.4548,12040.1311,2528.8989
205,2022-01-22,,18370.3403,-711280.066,-12170.116,-11640.8738,-1009.2201,328554.5714,705810.7657,10957.5995,11487.4303,1324.6886,1488872.0762,11817.7844,11942.7389,2500.1116
206,2022-01-23,,18088.0702,-723750.3361,-12159.94,-11711.6212,-1011.2702,331231.0945,708776.7083,10787.8843,11365.399,1306.8579,1496633.7801,11648.3385,11836.0418,2469.5316
207,2022-01-24,,17795.7881,-736238.0238,-12135.325,-11767.7203,-1012.0775,333856.2332,711783.1271,10612.1326,11235.4668,1288.2091,1504437.1486,11471.5502,11720.3448,2437.2412
208,2022-01-25,,17494.1661,-748745.6782,-12096.5793,-11809.2463,-1011.6599,336428.8815,714830.7712,10430.7594,11097.9789,1268.7886,1512283.1628,11287.8613,11595.9706,2403.3249
209,2022-01-26,,17183.885,-761275.7498,-12044.0447,-11836.3159,-1010.0388,338948.0447,717920.3039,10244.1827,10953.2915,1248.6438,1520172.7075,11097.721,11463.258,2367.87
210,2022-01-27,,16865.6313,-773830.5862,-11978.0943,-11849.0855,-1007.2386,341412.8396,721052.3034,10052.8216,10801.7701,1227.8226,1528106.5715,10901.5839,11322.5609,2330.9653
211,2022-01-28,,16540.0948,-786412.4277,-11899.1305,-11847.7496,-1003.2864,343822.493,724227.2639,9857.0951,10643.7887,1206.3732,1536085.4483,10699.9083,11174.246,2292.7017
212,2022-01-29,,16207.9666,-799023.4051,-11807.5821,-11832.539,-998.2121,346176.3411,727445.5973,9657.4211,10479.7275,1184.3443,1544109.9375,10493.1548,11018.6918,2253.1709
213,2022-01-30,,15869.9366,-811665.5359,-11703.9027,-11803.7196,-992.0481,348473.8278,730707.6348,9454.2147,10309.9721,1161.7844,1552180.5454,10281.7848,10856.2869,2212.4661
214,2022-01-31,,15526.6911,-824340.7227,-11588.568,-11761.5895,-984.8288,350714.5028,734013.6283,9247.8877,10134.9123,1138.742,1560297.6871,10066.2586,10687.4284,2170.6805
215,2022-02-01,,15178.911,-837050.7508,-11462.0736,-11706.4778,-976.5911,352898.0202,737363.7525,9038.8469,9954.9403,1115.2656,1568461.6881,9847.0347,10512.5207,2127.9082
216,2022-02-02,,14827.2694,-849797.2873,-11324.9323,-11638.7424,-967.3735,355024.1355,740758.1073,8827.4935,9770.4494,1091.4029,1576672.7858,9624.5676,10331.9733,2084.2428
217,2022-02-03,,14472.4301,-862581.8794,-11177.6725,-11558.7676,-957.2163,357092.7033,744196.7193,8614.2219,9581.8334,1067.2016,1584931.1322,9399.3071,10146.2,2039.7779
218,2022-02-04,,14115.0454,-875405.9546,-11020.8354,-11466.9625,-946.1615,359103.6749,747679.5447,8399.4191,9389.4849,1042.7084,1593236.796,9171.697,9955.6175,1994.6064
219,2022-02-05,,13755.7548,-888270.82,-10854.9731,-11363.7586,-934.2521,361057.095,751206.4716,8183.4635,9193.7943,1017.9696,1601589.7652,8942.1737,9760.6435,1948.8203
220,2022-02-06,,13395.1829,-901177.6628,-10680.6461,-11249.6075,-921.5326,362953.0982,754777.3223,7966.7245,8995.1488,993.0306,1609989.9495,8711.1652,9561.6955,1902.5107
221,2022-02-07,,13033.9384,-914127.5507,-10498.4217,-11124.9792,-908.0482,364791.9065,758391.8561,7749.5616,8793.9314,967.9356,1618437.1833,8479.0902,9359.1901,1855.7671
222,2022-02-08,,12672.6124,-927121.4333,-10308.8712,-10990.3595,-893.8449,366573.8252,762049.7719,7532.3239,8590.5198,942.7282,1626931.2287,8246.3572,9153.5409,1808.6775
223,2022-02-09,,12311.7775,-940160.1428,-10112.5687,-10846.2484,-878.9696,368299.2395,765750.7109,7315.3493,8385.2858,917.4507,1635471.7782,8013.3633,8945.158,1761.3281
224,2022-02-10,,11951.9864,-953244.3962,-9910.0886,-10693.1574,-863.4692,369968.6108,769494.2595,7098.9643,8178.594,892.1442,1644058.4581,7780.4939,8734.4463,1713.8031
225,2022-02-11,,11593.7711,-966374.7969,-9702.0042,-10531.6082,-847.3912,371582.4729,773279.952,6883.4833,7970.8016,866.8485,1652690.8315,7548.1216,8521.805,1666.1847
226,2022-02-12,,11237.6417,-979551.837,-9488.8853,-10362.13,-830.7831,373141.4282,777107.2733,6669.2084,7762.2573,841.6023,1661368.4018,7316.6056,8307.6262,1618.5524
227,2022-02-13,,10884.0862,-992775.8998,-9271.2972,-10185.2579,-813.6922,374646.1437,780975.6622,6456.4286,7553.3006,816.4428,1670090.6154,7086.2914,8092.2943,1570.9835
228,2022-02-14,,10533.5695,-1006047.2628,-9049.7986,-10001.5311,-796.166,376097.347,784884.5139,6245.4203,7344.2615,791.4059,1678856.866,6857.5101,7876.1845,1523.5526
229,2022-02-15,,10186.5327,-1019366.1003,-8824.9403,-9811.4907,-778.2512,377495.8224,788833.183,6036.4463,7135.4596,766.5257,1687666.4969,6630.5778,7659.6628,1476.3314
230,2022-02-16,,9843.3931,-1032732.4868,-8597.2635,-9615.6781,-759.9943,378842.4067,792820.9865,5829.7559,6927.2039,741.8353,1696518.8052,6405.7955,7443.0846,1429.3888
231,2022-02-17,,9504.5435,-1046146.4005,-8367.2989,-9414.6332,-741.4412,380137.9858,796847.2065,5625.5848,6719.7922,717.3658,1705413.0449,6183.4487,7226.7945,1382.7908
232,2022-02-18,,9170.3524,-1059607.7267,-8135.5646,-9208.893,-722.6368,381383.4899,800911.0932,5424.1549,6513.5106,693.1471,1714348.43,5963.8072,7011.1253,1336.6004
233,2022-02-19,,8841.1634,-1073116.2616,-7902.5659,-8998.9896,-703.6255,382579.8903,805011.8677,5225.6742,6308.6334,669.2074,1723324.1384,5747.1246,6796.3976,1290.8771
234,2022-02-20,,8517.2956,-1086671.7164,-7668.7935,-8785.4491,-684.4505,383728.1948,809148.7247,5030.337,6105.4227,645.5733,1732339.3148,5533.6387,6582.9192,1245.6778
235,2022-02-21,,8199.0429,-1100273.7194,-7434.7224,-8568.7895,-665.154,384829.4453,813320.8351,4838.3232,5904.1278,622.2696,1741393.0736,5323.5709,6370.9849,1201.0556
236,2022-02-22,,7886.6751,-1113921.8233,-7200.8112,-8349.52,-645.7771,385884.7122,817527.3493,4649.7992,5704.9857,599.3199,1750484.5033,5117.1265,6160.8756,1157.0607
237,2022-02-23,,7580.4382,-1127615.509,-6967.5021,-8128.1399,-626.3596,386895.0911,821767.3997,4464.9181,5508.2205,576.7458,1759612.6693,4914.4951,5952.8591,1113.74
238,2022-02-24,,7280.5541,-1141354.1883,-6735.2187,-7905.1366,-606.9401,387861.7,826040.1032,4283.8191,5314.0436,554.5676,1768776.6168,4715.85,5747.1888,1071.137
239,2022-02-25,,6987.2218,-1155137.21,-6504.3672,-7680.9854,-587.5556,388785.6752,830344.5637,4106.6282,5122.6533,532.8039,1777975.3737,4521.3493,5544.1041,1029.2921
240,2022-02-26,,6700.6162,-1168963.8607,-6275.3334,-7456.1479,-568.2419,389668.1688,834679.8741,3933.458,4934.2349,511.4716,1787207.9535,4331.1346,5343.8297,988.2424
241,2022-02-27,,6420.8887,-1182833.3691,-6048.4831,-7231.0701,-549.0331,390510.3454,839045.1189,3764.4073,4748.9598,490.5861,1796473.3575,4145.3316,5146.5752,948.0214
242,2022-02-28,,6148.1699,-1196744.9163,-5824.1623,-7006.1834,-529.9617,391313.3774,843439.3775,3599.5627,4566.9872,470.1613,1805770.5797,3964.0513,4952.5361,908.6597
243,2022-03-01,,5882.5688,-1210697.636,-5602.697,-6781.903,-511.0586,392078.4429,847861.7258,3438.9984,4388.4631,450.2095,1815098.6083,3787.3901,4761.8935,870.1847
244,2022-03-02,,5624.1733,-1224690.6187,-5384.3922,-6558.6266,-492.3533,392806.7228,852311.2383,3282.7758,4213.5207,430.7415,1824456.4279,3615.4293,4574.8135,832.6206
245,2022-03-03,,5373.0513,-1238722.9175,-5169.5322,-6336.7348,-473.8733,393499.3981,856786.9904,3130.9449,4042.2805,411.7667,1833843.0229,3448.2361,4391.4482,795.9886
246,2022-03-04,,5129.2517,-1252793.5519,-4958.3807,-6116.5901,-455.6445,394157.6469,861288.0601,2983.5442,3874.8506,393.293,1843257.3793,3285.8644,4211.9354,760.3069
247,2022-03-05,,4892.8047,-1266901.5116,-4751.1805,-5898.5368,-437.6913,394782.6424,865813.5303,2840.6007,3711.3268,375.3269,1852698.4869,3128.3545,4036.3989,725.5908
248,2022-03-06,,4663.723,-1281045.761,-4548.1542,-5682.9005,-420.0361,395375.5504,870362.49,2702.1312,3551.7932,357.8737,1862165.3417,2975.7341,3864.9488,691.8527
249,2022-03-07,,4442.0011,-1295225.241,-4349.5019,-5469.9863,-402.6998,395937.5266,874934.037,2568.1409,3396.3211,340.937,1871656.9482,2828.0174,3697.6806,659.1022
250,2022-03-08,,4227.618,-1309438.8761,-4155.4043,-5260.0807,-385.7013,396469.7147,879527.2788,2438.6257,3244.9706,324.5195,1881172.3212,2685.2074,3534.6769,627.3463
251,2022-03-09,,4020.5375,-1323685.577,-3966.0222,-5053.4507,-369.058,396973.2447,884141.3345,2313.5717,3097.7908,308.6225,1890710.4871,2547.2958,3376.0076,596.5893
252,2022-03-10,,3820.709,-1337964.244,-3781.4962,-4850.3437,-352.7856,397449.2311,888775.3356,2192.9563,2954.8197,293.2461,1900270.4862,2414.2632,3221.7296,566.8332
253,2022-03-11,,3628.0682,-1352273.7706,-3601.9477,-4650.9875,-336.898,397898.7709,893428.4282,2076.7477,2816.0848,278.3893,1909851.3742,2286.0801,3071.8876,538.0774
254,2022-03-12,,3442.5381,-1366613.0469,-3427.4791,-4455.5905,-321.4075,398322.9423,898099.7735,1964.9062,2681.6032,264.05,1919452.2232,2162.707,2926.5144,510.3192
255,2022-03-13,,3264.0299,-1380980.9629,-3258.1743,-4264.3417,-306.3249,398722.8031,902788.5494,1857.3843,2551.3823,250.225,1929072.1236,2044.0953,2785.6312,483.5538
256,2022-03-14,,3092.4437,-1395376.4116,-3094.0993,-4077.4109,-291.6593,399099.3897,907493.9512,1754.1272,2425.4201,236.9103,1938710.1848,1930.188,2649.2482,457.7742
257,2022-03-15,,2927.6696,-1409798.2918,-2935.3031,-3894.949,-277.4184,399453.7158,912215.1929,1655.0733,2303.7054,224.1009,1948365.5367,1820.9198,2517.3651,432.9715
258,2022-03-16,,2769.5885,-1424245.5107,-2781.8176,-3717.0888,-263.608,399786.7716,916951.5074,1560.1547,2186.2183,211.7908,1958037.3303,1716.218,2389.9714,409.1351
259,2022-03-17,,2618.0728,-1438716.9869,-2633.6593,-3543.9444,-250.2331,400099.5224,921702.148,1469.2979,2072.931,199.9733,1967724.739,1616.0031,2267.047,386.2525
260,2022-03-18,,2472.9872,-1453211.6524,-2490.829,-3375.6125,-237.2967,400392.9084,926466.3884,1382.4236,1963.8076,188.6409,1977426.9587,1520.1894,2148.5626,364.3098
261,2022-03-19,,2334.1898,-1467728.4549,-2353.3133,-3212.1727,-224.8008,400667.8439,931243.5235,1299.4482,1858.8051,177.7855,1987143.2091,1428.6854,2034.4803,343.2916
262,2022-03-20,,2201.5326,-1482266.3603,-2221.0852,-3053.6878,-212.746,400925.2165,936032.8698,1220.2834,1757.8734,167.3982,1996872.7338,1341.3944,1924.7542,323.1811
263,2022-03-21,,2074.8623,-1496824.3537,-2094.1044,-2900.2044,-201.1318,401165.8871,940833.7659,1144.837,1660.9564,157.4697,2006614.8007,1258.215,1819.3307,303.9604
264,2022-03-22,,1954.0212,-1511401.4419,-1972.3188,-2751.7538,-189.9564,401390.6893,945645.5726,1073.0136,1567.9915,147.9898,2016368.7025,1179.0422,1718.1492,285.6104
265,2022-03-23,,1838.8479,-1525996.6546,-1855.6649,-2608.3523,-179.217,401600.4292,950467.673,1004.7145,1478.9109,138.9483,2026133.7571,1103.767,1621.1425,268.1109
266,2022-03-24,,1729.1776,-1540609.0458,-1744.0687,-2470.0022,-168.9097,401795.8853,955299.4728,939.8387,1393.6417,130.3342,2035909.3072,1032.2777,1528.2375,251.441
267,2022-03-25,,1624.8434,-1555237.6949,-1637.4465,-2336.6921,-159.0296,401977.8086,960140.4005,878.283,1312.1064,122.1363,2045694.7206,964.46,1439.3554,235.579
268,2022-03-26,,1525.6763,-1569881.7079,-1535.7059,-2208.3981,-149.571,402146.9226,964989.9068,819.9425,1234.2232,114.3431,2055489.3905,900.1977,1354.4125,220.5024
269,2022-03-27,,1431.5063,-1584540.2181,-1438.7462,-2085.0839,-140.5275,402303.9231,969847.465,764.711,1159.9067,106.9427,2065292.7346,839.373,1273.3206,206.1883
270,2022-03-28,,1342.1627,-1599212.387,-1346.4599,-1966.7023,-131.8917,402449.479,974712.5706,712.4814,1089.0681,99.923,2075104.1958,781.8671,1195.9877,192.6133
271,2022-03-29,,1257.4747,-1613897.4047,-1258.7326,-1853.1952,-123.6555,402584.2318,979584.7413,663.1461,1021.6158,93.2719,2084923.2413,727.5604,1122.3178,179.7536
272,2022-03-30,,1177.2717,-1628594.4904,-1175.4446,-1744.495,-115.8104,402708.7969,984463.5163,616.5973,957.4558,86.977,2094749.3625,676.3333,1052.2125,167.5851
273,2022-03-31,,1101.3845,-1643302.8927,-1096.4711,-1640.5249,-108.3471,402823.7629,989348.4565,572.7274,896.4917,81.0257,2104582.0747,628.0661,985.5702,156.0836
274,2022-04-01,,1029.6445,-1658021.8899,-1021.6832,-1541.2,-101.2561,402929.693,994239.1435,531.4292,838.6258,75.4057,2114420.9163,582.6398,922.2876,145.2247
275,2022-04-02,,961.8855,-1672750.7898,-950.9485,-1446.4275,-94.5271,403027.1248,999135.1798,492.5963,783.759,70.1045,2124265.4491,539.9362,862.2595,134.9841
276,2022-04-03,,897.9431,-1687488.9297,-884.1321,-1356.1083,-88.1498,403116.5713,1004036.1878,456.1233,731.7911,65.1096,2134115.2567,499.8384,805.3794,125.3375
277,2022-04-04,,837.6552,-1702235.6762,-821.0967,-1270.137,-82.1132,403198.5212,1008941.8098,421.9063,682.6215,60.4085,2143969.9448,462.2307,751.5401,116.2608
278,2022-04-05,,780.8627,-1716990.4254,-761.7037,-1188.4029,-76.4064,403273.4395,1013851.7071,389.8427,636.1491,55.9891,2153829.1404,426.9994,700.6335,107.73
279,2022-04-06,,727.4095,-1731752.6015,-705.8134,-1110.7906,-71.0181,403341.7683,1018765.5594,359.8319,592.273,51.8392,2163692.491,394.0326,652.5517,99.7214
280,2022-04-07,,677.1429,-1746521.6576,-653.2863,-1037.1809,-65.9369,403403.9274,1023683.0647,331.7752,550.8928,47.9467,2173559.6638,363.2209,607.1869,92.2117
281,2022-04-08,,629.9135,-1761297.0741,-603.9825,-967.4511,-61.1514,403460.3147,1028603.9382,305.5759,511.9084,44.2999,2183430.3456,334.457,564.4316,85.1779
282,2022-04-09,,585.5757,-1776078.3588,-557.7632,-901.4761,-56.6499,403511.3075,1033527.9118,281.1399,475.2207,40.8873,2193304.2416,307.6365,524.1793,78.5974
283,2022-04-10,,543.9879,-1790865.046,-514.4907,-839.1285,-52.4211,403557.2625,1038454.7338,258.3753,440.7319,37.6974,2203181.0749,282.6576,486.3245,72.4481
284,2022-04-11,,505.0126,-1805656.6957,-474.0289,-780.2795,-48.4533,403598.5171,1043384.1679,237.1929,408.3452,34.7192,2213060.5859,259.4213,450.763,66.7085
285,2022-04-12,,468.5162,-1820452.893,-436.2436,-724.7993,-44.7352,403635.3897,1048315.9927,217.5061,377.9657,31.9419,2222942.5313,237.8318,417.3922,61.3575
286,2022-04-13,,434.3696,-1835253.2474,-401.0031,-672.5578,-41.2554,403668.1806,1053250.0012,199.2313,349.4999,29.3549,2232826.6838,217.7964,386.1113,56.3746
287,2022-04-14,,402.4478,-1850057.3918,-368.1782,-623.4248,-38.0028,403697.1729,1058185.9997,182.2875,322.8567,26.9481,2242712.8308,199.2255,356.8213,51.74
288,2022-04-15,,372.6305,-1864864.9816,-337.6428,-577.2708,-34.9665,403722.6327,1063123.808,166.5967,297.9465,24.7115,2252600.7745,182.0328,329.4257,47.4344
289,2022-04-16,,344.8016,-1879675.694,-309.2739,-533.9671,-32.1356,403744.8105,1068063.2578,152.0838,274.6824,22.6355,2262490.3303,166.1353,303.8299,43.4391
290,2022-04-17,,318.8493,-1894489.2272,-282.9519,-493.3864,-29.4997,403763.9414,1073004.1929,138.6767,252.9794,20.711,2272381.3269,151.4533,279.942,39.7363
291,2022-04-18,,294.6666,-1909305.2991,-258.5609,-455.4032,-27.0484,403780.2458,1077946.4681,126.3063,232.7552,18.9289,2282273.6051,137.9103,257.6728,36.3085
292,2022-04-19,,272.1506,-1924123.6468,-235.9886,-419.8939,-24.7717,403793.9306,1082889.9487,114.9065,213.93,17.2808,2292167.0175,125.4334,236.9353,33.1392
293,2022-04-20,,251.2029,-1938944.0258,-215.1268,-386.7372,-22.6599,403805.1891,1087834.5101,104.414,196.4265,15.7583,2302061.4275,113.9528,217.6456,30.2125
294,2022-04-21,,231.7294,-1953766.2085,-195.8711,-355.8145,-20.7036,403814.2025,1092780.0372,94.7686,180.1701,14.3536,2311956.7089,103.402,199.7227,27.5129
295,2022-04-22,,213.6402,-1968589.984,-178.1212,-327.0101,-18.8937,403821.1396,1097726.4235,85.9129,165.0887,13.0592,2321852.7455,93.7178,183.0881,25.026
296,2022-04-23,,196.8496,-1983415.1569,-161.781,-300.2111,-17.2214,403826.1585,1102673.571,77.7925,151.1132,11.8679,2331749.4299,84.8401,167.6666,22.7377
297,2022-04-24,,181.2762,-1998241.5464,-146.7585,-275.308,-15.6782,403829.4062,1107621.3896,70.3557,138.1771,10.7728,2341646.6634,76.7119,153.3857,20.6348
298,2022-04-25,,166.8423,-2013068.9857,-132.9656,-252.1947,-14.256,403831.0198,1112569.7963,63.5535,126.2165,9.7673,2351544.3555,69.2794,140.1758,18.7046
299,2022-04-26,,153.4743,-2027897.3208,-120.3188,-230.7684,-12.9471,403831.1268,1117518.715,57.3397,115.1704,8.8454,2361442.423,62.4916,127.9703,16.9351
300,2022-04-27,,141.1024,-2042726.4104,-108.7382,-210.9301,-11.744,403829.8459,1122468.0762,51.6707,104.9805,8.001,2371340.7898,56.3005,116.7057,15.315
301,2022-04-28,,129.6605,-2057556.1244,-98.1482,-192.5843,-10.6396,403827.2872,1127417.8161,46.5052,95.591,7.2286,2381239.3864,50.6609,106.3211,13.8335
302,2022-04-29,,119.0861,-2072386.3434,-88.4772,-175.6395,-9.6272,403823.553,1132367.8765,41.8046,86.9491,6.523,2391138.1491,45.5302,96.7587,12.4804
303,2022-04-30,,109.32,-2087216.9582,-79.6574,-160.0075,-8.7002,403818.7381,1137318.2044,37.5327,79.0043,5.8793,2401037.0203,40.8687,87.9634,11.2462
304,2022-05-01,,100.3066,-2102047.8691,-71.6247,-145.6044,-7.8527,403812.9302,1142268.7515,33.6554,71.7087,5.2927,2410935.947,36.6388,79.8829,10.1219
305,2022-05-02,,91.9934,-2116878.9848,-64.319,-132.3496,-7.0789,403806.2105,1147219.474,30.1409,65.0171,4.7588,2420834.8816,32.8056,72.4675,9.0989
306,2022-05-03,,84.3308,-2131710.2224,-57.6835,-120.1665,-6.3733,403798.6544,1152170.3319,26.9593,58.8864,4.2735,2430733.7805,29.3365,65.6703,8.1693
307,2022-05-04,,77.2725,-2146541.5064,-51.665,-108.9821,-5.7307,403790.331,1157121.2893,24.0831,53.2763,3.8331,2440632.6046,26.2011,59.447,7.3257
308,2022-05-05,,70.7748,-2161372.7682,-46.2138,-98.7272,-5.1464,403781.3047,1162072.3135,21.4862,48.1483,3.4337,2450531.3181,23.371,53.7557,6.5612
309,2022-05-06,,64.7969,-2176203.9456,-41.2833,-89.3361,-4.6157,403771.6343,1167023.3751,19.1448,43.4667,3.0722,2460429.8891,20.8198,48.5568,5.8691
310,2022-05-07,,59.3003,-2191034.9824,-36.8298,-80.7466,-4.1343,403761.3744,1171974.4475,17.0365,39.1974,2.7453,2470328.2886,18.5233,43.8133,5.2435
311,2022-05-08,,54.2494,-2205865.8278,-32.8129,-72.9,-3.6984,403750.5753,1176925.5068,15.1407,35.3088,2.4501,2480226.4907,16.4587,39.4903,4.6787
312,2022-05-09,,49.6104,-2220696.436,-29.195,-65.7407,-3.3042,403739.2829,1181876.5315,13.4383,31.7711,2.1839,2490124.4719,14.6052,35.5552,4.1694
313,2022-05-10,,45.3522,-2235526.7657,-25.9409,-59.2168,-2.9481,403727.5397,1186827.5025,11.9117,28.5563,1.9441,2500022.2113,12.9434,31.9773,3.7109
314,2022-05-11,,41.4456,-2250356.78,-23.0183,-53.2792,-2.6269,403715.3848,1191778.4023,10.5445,25.6385,1.7284,2509919.6902,11.4556,28.7279,3.2986
315,2022-05-12,,37.8634,-2265186.4455,-20.3971,-47.8818,-2.3376,403702.8539,1196729.2157,9.3219,22.9933,1.5347,2519816.8917,10.1253,25.7805,2.9283
316,2022-05-13,,34.5802,-2280015.7324,-18.0496,-42.9817,-2.0774,403689.9798,1201679.9289,8.23,20.5982,1.361,2529713.8011,8.9376,23.11,2.5963
317,2022-05-14,,31.5726,-2294844.6143,-15.9503,-38.5385,-1.8437,403676.7927,1206630.5296,7.2563,18.432,1.2053,2539610.4049,7.8787,20.6933,2.2989
318,2022-05-15,,28.8187,-2309673.0674,-14.0757,-34.5146,-1.6341,403663.3202,1211581.007,6.3891,16.4752,1.0661,2549506.6913,6.9358,18.5088,2.0329
319,2022-05-16,,26.2981,-2324501.0705,-12.4041,-30.8751,-1.4463,403649.5875,1216531.3513,5.6179,14.7097,0.9417,2559402.6499,6.0975,16.5367,1.7954
320,2022-05-17,,23.9922,-2339328.6049,-10.9157,-27.5874,-1.2784,403635.6176,1221481.554,4.9331,13.1187,0.8307,2569298.2714,5.3532,14.7582,1.5835
321,2022-05-18,,21.8835,-2354155.6539,-9.5924,-24.6211,-1.1285,403621.4319,1226431.6076,4.3258,11.6866,0.7318,2579193.5474,4.6934,13.1564,1.3947
322,2022-05-19,,19.9559,-2368982.2028,-8.4177,-21.9481,-0.9947,403607.0495,1231381.5053,3.788,10.3992,0.6438,2589088.4709,4.1092,11.7155,1.2269
323,2022-05-20,,18.1944,-2383808.2385,-7.3763,-19.5426,-0.8756,403592.4881,1236331.2413,3.3125,9.2432,0.5657,2598983.0353,3.5927,10.4207,1.0777
324,2022-05-21,,16.5854,-2398633.7496,-6.4546,-17.3804,-0.7697,403577.7638,1241280.8104,2.8927,8.2064,0.4964,2608877.2352,3.1368,9.2586,0.9455
325,2022-05-22,,15.1161,-2413458.7259,-5.64,-15.4393,-0.6757,403562.8914,1246230.208,2.5225,7.2777,0.4349,2618771.0655,2.735,8.217,0.8283
326,2022-05-23,,13.7749,-2428283.1585,-4.9211,-13.6991,-0.5923,403547.8842,1251179.4302,2.1967,6.4468,0.3806,2628664.522,2.3813,7.2844,0.7247
327,2022-05-24,,12.5508,-2443107.0397,-4.2877,-12.1408,-0.5185,403532.7545,1256128.4735,1.9102,5.7043,0.3326,2638557.6009,2.0704,6.4504,0.6332
328,2022-05-25,,11.4341,-2457930.3627,-3.7304,-10.7471,-0.4533,403517.5134,1261077.3348,1.6588,5.0416,0.2902,2648450.2989,1.7976,5.7055,0.5525
329,2022-05-26,,10.4155,-2472753.1214,-3.2408,-9.5023,-0.3957,403502.1711,1266026.0115,1.4384,4.4509,0.2529,2658342.6132,1.5585,5.041,0.4814
330,2022-05-27,,9.4867,-2487575.3108,-2.8114,-8.3919,-0.3449,403486.7368,1270974.5014,1.2455,3.925,0.2201,2668234.5413,1.3493,4.4489,0.4189
331,2022-05-28,,8.6399,-2502396.9263,-2.4354,-7.4026,-0.3002,403471.2189,1275922.8023,1.0769,3.4572,0.1913,2678126.081,1.1665,3.9219,0.364
332,2022-05-29,,7.8681,-2517217.964,-2.1065,-6.5223,-0.261,403455.6251,1280870.9127,0.9299,3.0418,0.166,2688017.2305,1.007,3.4535,0.3158
333,2022-05-30,,7.1647,-2532038.4205,-1.8194,-5.74,-0.2265,403439.9625,1285818.831,0.8018,2.6733,0.1439,2697907.9881,0.8682,3.0377,0.2737
334,2022-05-31,,6.5239,-2546858.293,-1.5692,-5.0457,-0.1963,403424.2372,1290766.5559,0.6903,2.3468,0.1245,2707798.3526,0.7474,2.6689,0.2368
335,2022-06-01,,5.94,-2561677.5788,-1.3514,-4.4302,-0.1699,403408.4551,1295714.0864,0.5935,2.0578,0.1076,2717688.3227,0.6424,2.3423,0.2046
336,2022-06-02,,5.4082,-2576496.2759,-1.1621,-3.8852,-0.1469,403392.6214,1300661.4214,0.5095,1.8024,0.0929,2727577.8974,0.5515,2.0534,0.1766
337,2022-06-03,,4.9239,-2591314.3824,-0.9978,-3.4034,-0.1267,403376.7409,1305608.5603,0.4368,1.577,0.0801,2737467.0759,0.4727,1.7982,0.1522
338,2022-06-04,,4.4828,-2606131.8967,-0.8556,-2.9779,-0.1092,403360.8179,1310555.5022,0.3739,1.3782,0.0689,2747355.8574,0.4046,1.5729,0.1309
339,2022-06-05,,4.0812,-2620948.8174,-0.7325,-2.6026,-0.094,403344.8564,1315502.2467,0.3197,1.2031,0.0592,2757244.2413,0.3458,1.3743,0.1125
340,2022-06-06,,3.7155,-2635765.1435,-0.6263,-2.272,-0.0808,403328.8599,1320448.7932,0.2729,1.0491,0.0508,2767132.227,0.2952,1.1995,0.0965
341,2022-06-07,,3.3826,-2650580.874,-0.5346,-1.9811,-0.0693,403312.8316,1325395.1413,0.2326,0.9138,0.0436,2777019.8141,0.2516,1.0458,0.0827
342,2022-06-08,,3.0795,-2665396.0079,-0.4558,-1.7255,-0.0594,403296.7746,1330341.2906,0.198,0.7951,0.0373,2786907.0023,0.2141,0.9108,0.0708
343,2022-06-09,,2.8036,-2680210.5448,-0.388,-1.5013,-0.0508,403280.6915,1335287.2409,0.1683,0.691,0.0319,2796793.7912,0.182,0.7923,0.0605
344,2022-06-10,,2.5525,-2695024.4839,-0.3298,-1.3047,-0.0434,403264.5847,1340232.9919,0.1429,0.6,0.0272,2806680.1806,0.1545,0.6886,0.0516
345,2022-06-11,,2.3239,-2709837.8248,-0.28,-1.1325,-0.037,403248.4565,1345178.5434,0.1211,0.5203,0.0232,2816566.1703,0.131,0.5977,0.044
346,2022-06-12,,2.1158,-2724650.5671,-0.2373,-0.9821,-0.0316,403232.3089,1350123.8953,0.1026,0.4508,0.0197,2826451.76,0.1109,0.5184,0.0374
347,2022-06-13,,1.9264,-2739462.7105,-0.2009,-0.8506,-0.0269,403216.1436,1355069.0473,0.0867,0.3901,0.0168,2836336.9496,0.0937,0.449,0.0318
348,2022-06-14,,1.754,-2754274.2546,-0.1698,-0.736,-0.0228,403199.9624,1360013.9994,0.0732,0.3373,0.0142,2846221.739,0.0791,0.3886,0.027
349,2022-06-15,,1.597,-2769085.1993,-0.1434,-0.6361,-0.0194,403183.7667,1364958.7514,0.0617,0.2913,0.0121,2856106.1282,0.0667,0.3359,0.0229
350,2022-06-16,,1.4542,-2783895.5444,-0.1209,-0.5492,-0.0164,403167.5579,1369903.3033,0.052,0.2513,0.0102,2865990.1169,0.0562,0.2901,0.0194
351,2022-06-17,,1.3242,-2798705.2897,-0.1018,-0.4737,-0.0139,403151.3373,1374847.6551,0.0437,0.2166,0.0086,2875873.7053,0.0472,0.2503,0.0164
352,2022-06-18,,1.2058,-2813514.4352,-0.0856,-0.4082,-0.0117,403135.1061,1379791.8066,0.0367,0.1865,0.0073,2885756.8932,0.0397,0.2157,0.0138
353,2022-06-19,,1.0981,-2828322.9806,-0.0719,-0.3513,-0.0099,403118.8651,1384735.7579,0.0308,0.1604,0.0062,2895639.6805,0.0333,0.1857,0.0117
354,2022-06-20,,1.0,-2843130.9261,-0.0603,-0.3021,-0.0084,403102.6154,1389679.5089,0.0258,0.1378,0.0052,2905522.0673,0.0279,0.1598,0.0098
355,2022-06-21,,0.9107,-2857938.2714,-0.0506,-0.2595,-0.007,403086.3578,1394623.0596,0.0216,0.1183,0.0044,2915404.0536,0.0234,0.1373,0.0083
356,2022-06-22,,0.8294,-2872745.0166,-0.0423,-0.2227,-0.0059,403070.093,1399566.4099,0.0181,0.1015,0.0037,2925285.6393,0.0195,0.1179,0.0069
357,2022-06-23,,0.7554,-2887551.1617,-0.0354,-0.1909,-0.005,403053.8219,1404509.5598,0.0151,0.087,0.0031,2935166.8244,0.0163,0.1011,0.0058
358,2022-06-24,,0.688,-2902356.7065,-0.0296,-0.1636,-0.0042,403037.5449,1409452.5094,0.0126,0.0744,0.0026,2945047.609,0.0136,0.0867,0.0049
359,2022-06-25,,0.6267,-2917161.6512,-0.0247,-0.14,-0.0035,403021.2627,1414395.2587,0.0105,0.0637,0.0022,2954927.9929,0.0114,0.0742,0.0041
360,2022-06-26,,0.5708,-2931965.9957,-0.0206,-0.1197,-0.0029,403004.9759,1419337.8075,0.0088,0.0544,0.0018,2964807.9763,0.0095,0.0635,0.0034
361,2022-06-27,,0.5199,-2946769.74,-0.0172,-0.1022,-0.0024,402988.6849,1424280.156,0.0073,0.0465,0.0015,2974687.5591,0.0079,0.0543,0.0029
362,2022-06-28,,0.4736,-2961572.8841,-0.0143,-0.0873,-0.002,402972.3901,1429222.3042,0.0061,0.0396,0.0013,2984566.7414,0.0066,0.0463,0.0024
363,2022-06-29,,0.4314,-2976375.4281,-0.0119,-0.0744,-0.0017,402956.0919,1434164.2519,0.005,0.0338,0.0011,2994445.5231,0.0054,0.0395,0.002
364,2022-06-30,,0.393,-2991177.3719,-0.0099,-0.0634,-0.0014,402939.7907,1439105.9993,0.0042,0.0288,0.0009,3004323.9043,0.0045,0.0337,0.0017
