,Date,CumulativeSumAdmitted,AL3_NCR-Nationals capital region_SC2 HSC 18.0%,S-AL3_NCR-Nationals capital region_SC2 HSC 18.0%,E-AL3_NCR-Nationals capital region_SC2 HSC 18.0%,IS-AL3_NCR-Nationals capital region_SC2 HSC 18.0%,IA-AL3_NCR-Nationals capital region_SC2 HSC 18.0%,R-AL3_NCR-Nationals capital region_SC2 HSC 18.0%,V1-AL3_NCR-Nationals capital region_SC2 HSC 18.0%,Ev1-AL3_NCR-Nationals capital region_SC2 HSC 18.0%,ISv1-AL3_NCR-Nationals capital region_SC2 HSC 18.0%,IAv1-AL3_NCR-Nationals capital region_SC2 HSC 18.0%,V2-AL3_NCR-Nationals capital region_SC2 HSC 18.0%,Ev2-AL3_NCR-Nationals capital region_SC2 HSC 18.0%,ISv2-AL3_NCR-Nationals capital region_SC2 HSC 18.0%,IAv2-AL3_NCR-Nationals capital region_SC2 HSC 18.0%
0,2021-07-01,527815.0,527815.0,9936951.0,2847.0,3620.0,166.0,520973.0,2369751.0,839.0,963.0,71.0,1122322.0,233.0,200.0,34.0
1,2021-07-02,528479.0,528430.4109,9891392.616,3337.3981,3470.1714,198.7073,521964.9432,2337704.5446,876.2967,925.3556,82.7089,1198583.051,237.8708,199.0326,38.795
2,2021-07-03,529181.0,529030.72,9845858.5414,3718.9127,3421.776,232.4025,522945.5957,2305665.4751,901.3871,901.7886,91.7003,1274838.4612,244.1886,200.0469,42.3497
3,2021-07-04,529969.0,529628.5855,9800327.8422,4030.1212,3442.9421,264.2026,523921.4439,2273629.862,920.0182,887.7731,98.5263,1351087.2314,252.5935,202.5883,45.2109
4,2021-07-05,530613.0,530232.6472,9754786.7843,4296.1336,3511.7446,293.1396,524897.6645,2241595.2026,935.6128,880.3815,103.735,1427328.5608,263.4306,206.4736,47.7729
5,2021-07-06,531044.0,530848.8466,9709226.2881,4533.3176,3613.1768,319.175,525878.543,2209559.9104,950.1483,877.7303,107.7968,1503561.7875,276.8573,211.6772,50.3126
6,2021-07-07,531542.0,531481.3241,9663640.2706,4752.3778,3737.0165,342.6668,526867.7452,2177522.9861,964.7155,878.6073,111.0833,1579786.345,292.9169,218.2565,53.0191
7,2021-07-08,532329.0,532133.022,9618024.5777,4960.3432,3876.3401,364.0984,527868.495,2145483.8069,979.8684,882.2258,113.8727,1656001.7301,311.5876,226.3051,56.0179
8,2021-07-09,533102.0,532806.0884,9572376.2956,5161.8526,4026.4909,383.9483,528883.6898,2113441.9929,995.8426,888.0648,116.364,1732207.48,332.8152,235.9255,59.389
9,2021-07-10,533835.0,533502.1481,9526693.3069,5359.9874,4184.3641,402.6361,529915.9791,2081397.3201,1012.6903,895.7661,118.6943,1808403.1565,356.5334,247.2138,63.1809
10,2021-07-11,534491.0,534222.4814,9480974.0088,5556.8068,4347.9149,420.5066,530967.8166,2049349.6672,1030.362,905.07,120.9536,1884588.3344,382.6763,260.2527,67.4211
11,2021-07-12,535095.0,534968.1442,9435217.1289,5753.7002,4515.8156,437.8322,532041.4976,2017298.9803,1048.7563,915.7749,123.1982,1960762.5937,411.1854,275.1089,72.1234
12,2021-07-13,535519.0,535740.0455,9389421.6118,5951.6091,4687.2252,454.8225,533139.1842,1985245.2516,1067.749,927.7139,125.4604,2036925.5143,442.0127,291.8344,77.2932
13,2021-07-14,536067.0,536538.9998,9343586.5445,6151.1767,4861.6264,471.6358,534262.9259,1953188.5054,1087.2091,940.74,127.7562,2113076.6722,475.1229,310.468,82.9312
14,2021-07-15,536722.0,537365.7598,9297711.1113,6352.842,5038.7168,488.3902,535414.673,1921128.7898,1107.0082,954.7189,130.0908,2189215.6371,510.4926,331.0385,89.036
15,2021-07-16,537586.0,538221.038,9251794.5649,6556.9022,5218.3341,505.1726,536596.2887,1889066.1715,1127.0242,969.5243,132.4624,2265341.9707,548.1099,353.5666,95.6053
16,2021-07-17,538393.0,539105.5214,9205836.208,6763.5564,5400.4026,522.0464,537809.5581,1857000.7322,1147.1436,985.0357,134.865,2341455.2259,587.9732,378.0683,102.6373
17,2021-07-18,539099.0,540019.8785,9159835.3842,6972.9303,5584.9011,539.0573,539056.1958,1824932.5674,1167.2611,1001.1381,137.2899,2417554.946,630.0898,404.5565,110.131
18,2021-07-19,540061.0,540964.7651,9113791.4721,7185.0947,5771.8396,556.2378,540337.8519,1792861.7846,1187.2795,1017.7211,139.7274,2493640.6647,674.4745,433.0426,118.0864
19,2021-07-20,540766.0,541940.8281,9067703.8798,7400.0815,5961.2394,573.6102,541656.1176,1760788.5028,1207.1087,1034.6789,142.1669,2569711.9054,721.1486,463.5382,126.5049
20,2021-07-21,541628.0,542948.7055,9021572.046,7617.8888,6153.1269,591.1894,543012.5294,1728712.8524,1226.6647,1051.9101,144.5981,2645768.1818,770.1386,496.056,135.3891
21,2021-07-22,542575.0,543989.0282,8975395.4388,7838.4885,6347.5242,608.9847,544408.5732,1696634.9752,1245.8687,1069.3182,147.0106,2721808.9981,821.4747,530.6101,144.7427
22,2021-07-23,543650.0,545062.419,8929173.5558,8061.8308,6544.4456,627.0006,545845.6871,1664555.0236,1264.6461,1086.8106,149.3945,2797833.8485,875.1905,567.2166,154.5703
23,2021-07-24,544563.0,546169.4926,8882905.9258,8287.8469,6743.8949,645.2387,547325.2647,1632473.1616,1282.9256,1104.2992,151.7401,2873842.2185,931.3217,605.894,164.8774
24,2021-07-25,545460.0,547310.8547,8836592.1096,8516.4512,6945.8634,663.6975,548848.6569,1600389.5642,1300.6388,1121.6999,154.0381,2949833.5847,989.9056,646.6629,175.6702
25,2021-07-26,546462.0,548487.1005,8790231.7021,8747.5431,7150.3291,682.3732,550417.1732,1568304.4179,1317.7195,1138.9322,156.2797,3025807.415,1050.9803,689.546,186.9553
26,2021-07-27,547180.0,549698.815,8743824.3322,8981.0093,7357.2572,701.2606,552032.0855,1536217.9202,1334.103,1155.9188,158.4562,3101763.1699,1114.5839,734.568,198.7399
27,2021-07-28,548287.0,550946.5707,8697369.6648,9216.7237,7566.5999,720.3524,553694.6277,1504130.28,1349.7262,1172.5855,160.5593,3177700.3025,1180.7545,781.7551,211.0312
28,2021-07-29,549632.0,552230.9267,8650867.4033,9454.5489,7778.2957,739.6403,555405.9965,1472041.7174,1364.5273,1188.8609,162.5809,3253618.2592,1249.5294,831.1348,223.8367
29,2021-07-30,551087.0,553552.4276,8604317.2904,9694.3362,7992.2708,759.1145,557167.3521,1439952.4643,1378.4449,1204.6759,164.5131,3329516.4799,1320.9447,882.7359,237.1639
30,2021-07-31,552898.0,554911.6092,8557719.1006,9935.9276,8208.4397,778.7643,558979.8287,1407862.7634,1391.4188,1219.9636,166.348,3405394.396,1395.0355,936.588,251.0202
31,2021-08-01,554671.0,556312.6049,8510207.08,10964.0177,8489.6664,811.136,560846.9683,1375661.674,1504.8207,1242.1751,170.3907,3481111.684,1598.4253,1000.1956,270.1854
32,2021-08-02,556807.0,558388.155,8402636.6074,11825.4324,8413.0825,849.6734,562787.0362,1446416.4548,1609.2584,1209.9553,176.6703,3513878.5715,1779.5559,1024.1744,294.8539
33,2021-08-03,558234.0,560468.8868,8295086.9694,12516.4175,8477.2456,896.3962,564815.4295,1517144.3425,1716.7896,1201.1989,185.1742,3546635.2279,1935.9886,1067.3,322.5886
34,2021-08-04,559975.0,562583.7711,8187518.0759,13103.9916,8631.6529,944.5246,566938.0461,1587838.7989,1832.6135,1211.8312,195.3922,3579374.6088,2078.6019,1123.7716,351.0602
35,2021-08-05,562078.0,564752.1939,8079905.4217,13628.9321,8843.7256,991.2349,569159.3629,1658494.8319,1959.7357,1239.1491,207.1525,3612091.8936,2214.2441,1189.5542,379.3316
36,2021-08-06,564569.0,566987.3847,7972234.1094,14115.9863,9092.5153,1035.6386,571483.0605,1729108.3402,2099.8159,1281.3453,220.4349,3644783.6812,2347.2461,1261.9381,407.1609
37,2021-08-07,567416.0,569298.6365,7864495.1315,14580.1208,9364.5905,1077.7226,573912.3905,1799675.7776,2253.714,1337.1928,235.276,3677447.4441,2480.3678,1339.1718,434.6264
38,2021-08-08,569761.0,571692.737,7756683.0982,15030.3364,9651.3594,1117.8123,576450.3902,1870193.9307,2421.8353,1405.8397,251.7241,3710081.1879,2615.3904,1420.1759,461.9315
39,2021-08-09,572180.0,574174.8859,7648794.8566,15471.9912,9947.3319,1156.3158,579100.0059,1940659.7722,2604.3445,1486.6797,269.8222,3742683.238,2753.4842,1504.3301,489.3087
40,2021-08-10,574379.0,576749.2794,7540828.656,15908.2095,10248.9982,1193.6114,581864.1618,2011070.3658,2801.2956,1579.2702,289.6023,3775252.1094,2895.4375,1591.3204,516.9765
41,2021-08-11,577541.0,579419.4842,7432783.6425,16340.7428,10554.0993,1230.0082,584745.7969,2081422.8033,3012.708,1683.283,311.0869,3807786.4242,3041.7994,1681.0302,545.1235
42,2021-08-12,581285.0,582188.6714,7324659.5584,16770.4886,10861.1599,1265.7399,587747.8843,2151714.1661,3238.6076,1798.4737,334.2915,3840284.8624,3192.9676,1773.4667,573.9054
43,2021-08-13,584957.0,585059.7625,7216456.5656,17197.8027,11169.1909,1300.9729,590873.4382,2221941.4998,3479.0484,1924.6635,359.228,3872746.1324,3349.2423,1868.7108,603.4481
44,2021-08-14,588972.0,588035.5216,7108175.1398,17622.6937,11477.4936,1335.8177,594125.516,2292101.7998,3734.1206,2061.7274,385.9072,3905168.9527,3510.8608,1966.8845,633.8527
45,2021-08-15,592639.0,591118.6101,6999816.0121,18044.9381,11785.5392,1370.3416,597507.2155,2362192.002,4003.952,2209.5872,414.3409,3937552.0414,3678.0172,2068.1292,665.2002
46,2021-08-16,596774.0,594311.6182,6891380.1365,18464.1501,12092.892,1404.5782,601021.6713,2432208.9785,4288.705,2368.2058,444.5426,3969894.1115,3850.8758,2172.5934,697.5562
47,2021-08-17,599193.0,597617.0857,6782868.6707,18879.8298,12399.1575,1438.5358,604672.0491,2502149.5355,4588.5729,2537.5822,476.529,4002193.8668,4029.579,2280.4238,730.974
48,2021-08-18,602193.0,601037.5113,6674282.9684,19291.3912,12703.9514,1472.2039,608461.54,2572010.4135,4903.7734,2717.748,510.3195,4034450.0019,4214.2522,2391.7608,765.4982
49,2021-08-19,606601.0,604575.354,6565624.5783,19698.177,13006.8849,1505.5577,612393.3534,2641788.2887,5234.543,2908.7637,545.9362,4066661.2022,4405.0061,2506.7362,801.1659
50,2021-08-20,611282.0,608233.0355,6456895.2426,20099.4736,13307.5508,1538.5615,616470.7107,2711479.7755,5581.1316,3110.7144,583.404,4098826.145,4601.9389,2625.4721,838.0087
51,2021-08-21,615774.0,612012.9376,6348096.8988,20494.5197,13605.5178,1571.1708,620696.8382,2781081.429,5943.7973,3323.7066,622.7495,4130943.5003,4805.1376,2748.0805,876.054
52,2021-08-22,619804.0,615917.3984,6239231.6827,20882.5125,13900.3277,1603.3347,625074.9597,2850589.7489,6322.802,3547.8643,664.0013,4163011.9335,5014.6776,2874.6628,915.325
53,2021-08-23,624699.0,619948.7081,6130301.9307,21262.6123,14191.494,1634.9967,629608.2896,2920001.1839,6718.4062,3783.3257,707.1888,4195030.1064,5230.6238,3005.3108,955.8419
54,2021-08-24,627530.0,624109.1037,6021310.1828,21633.9476,14478.5023,1666.0959,634300.0253,2989312.1356,7130.866,4030.2393,752.3421,4226996.6804,5453.0301,3140.1063,997.6222
55,2021-08-25,631204.0,628400.7635,5912259.1844,21995.618,14760.8114,1696.5678,639153.3393,3058518.9642,7560.4287,4288.7615,799.4915,4258910.3179,5681.9391,3279.1221,1040.6805
56,2021-08-26,635533.0,632825.8011,5803151.8888,22346.6981,15037.8541,1726.3445,644171.3719,3127617.9933,8007.3299,4559.0527,848.6668,4290769.6856,5917.3824,3422.4217,1085.029
57,2021-08-27,640508.0,637386.2597,5693991.4587,22686.2406,15309.0396,1755.3556,649357.223,3196605.5161,8471.7901,4841.2746,899.8971,4322573.4567,6159.3795,3570.0597,1130.6775
58,2021-08-28,645678.0,642084.1054,5584781.2669,23013.2789,15573.7549,1783.5285,654713.9443,3265477.8013,8954.0119,5135.5878,953.2102,4354320.3138,6407.9383,3722.0821,1177.6332
59,2021-08-29,650643.0,646921.2212,5475524.8969,23326.8309,15831.367,1810.7883,660244.5311,3334231.1001,9454.1776,5442.1487,1008.6323,4386008.9518,6663.0539,3878.526,1225.9012
60,2021-08-30,656271.0,651899.4004,5366226.1429,23625.9012,16081.2247,1837.0587,665951.9143,3402861.6522,9972.4462,5761.1071,1066.1879,4417638.0804,6924.7085,4039.4201,1275.4837
61,2021-08-31,659855.0,657020.3559,5256889.0094,23909.4788,16322.6603,1862.2618,671838.9713,3471365.6823,10508.9508,6092.6057,1125.8991,4449206.4229,7192.8705,4204.7846,1326.3808
62,2021-09-01,664010.0,662277.1325,5148519.0806,23268.6227,16483.2513,1871.8002,677904.2621,3540274.3348,10578.3445,6401.6957,1176.7999,4481056.2323,7155.9319,4356.5037,1366.818
63,2021-09-02,669132.0,668893.3507,5122908.4176,22689.4403,15808.1929,1841.8961,684142.9312,3460847.509,10626.444,6379.8713,1208.4102,4578528.9217,7141.4247,4289.457,1386.3097
64,2021-09-03,674492.0,675341.4535,5097412.1877,22117.6431,15224.1878,1806.4288,690541.6943,3381510.0224,10579.0277,6370.614,1228.8441,4676003.3403,7128.378,4243.2546,1398.0831
65,2021-09-04,680557.0,681644.3653,5072014.1525,21561.5753,14707.3245,1767.8153,697073.9411,3302264.3209,10460.0195,6356.9051,1238.5776,4773472.8561,7118.5851,4210.845,1404.9919
66,2021-09-05,685665.0,687816.0575,5046707.9012,21024.1412,14241.3909,1727.7266,703715.1086,3223105.5833,10286.7364,6329.1241,1238.7572,4870936.5465,7112.2759,4187.8073,1408.9612
67,2021-09-06,691983.0,693864.8583,5021489.6246,20505.3822,13815.0915,1687.2506,710442.6154,3144030.4601,10072.0346,6282.4984,1230.7439,4968394.3397,7108.8745,4171.3179,1411.2318
68,2021-09-07,696758.0,699795.6021,4996357.0427,20003.9584,13420.3018,1647.0503,717235.7515,3065036.4463,9825.6815,6215.3515,1215.8875,5065846.6842,7107.4413,4159.5054,1412.5595
69,2021-09-08,701422.0,705610.9869,4971308.7556,19517.9827,13050.9881,1607.4951,724075.5533,2986121.5085,9555.2505,6127.9201,1195.4231,5163294.3415,7106.9259,4151.0608,1413.3682
70,2021-09-09,708075.0,711312.4278,4946343.8523,19045.4715,12702.5372,1568.761,730944.6748,2907283.866,9266.7153,6021.5623,1170.4343,5260738.2563,7106.3037,4145.0073,1413.8628
71,2021-09-10,712486.0,716900.5913,4921461.6774,18584.5722,12371.336,1530.9036,737827.2626,2828521.8635,8964.8543,5898.2361,1141.8489,5358179.4752,7104.6447,4140.5684,1414.1098
72,2021-09-11,721563.0,722375.727,4896661.6932,18133.6628,12054.5034,1493.9078,744708.8392,2749833.8986,8653.5325,5760.1631,1110.4499,5455619.0964,7101.1411,4137.0949,1414.0928
73,2021-09-12,727203.0,727737.8764,4871943.3983,17691.3836,11749.7127,1457.7216,751576.1937,2671218.3812,8335.904,5609.614,1076.8927,5553058.2374,7095.1144,4134.0256,1413.7504
74,2021-09-13,733006.0,732986.9952,4847306.2829,17256.6289,11455.0751,1422.2767,758417.2826,2592673.7126,8014.5587,5448.7852,1041.7232,5650498.0167,7086.0084,4130.8686,1413.0
75,2021-09-14,738010.0,738123.0351,4822749.8018,16828.5265,11169.0508,1387.5021,765221.138,2514198.2744,7691.635,5279.723,1005.3952,5747939.5399,7073.3795,4127.1894,1411.7535
76,2021-09-15,742446.0,743145.9891,4798273.3606,16406.4068,10890.3872,1353.3309,771977.785,2435790.4248,7368.9049,5104.2894,968.285,5845383.8923,7056.8831,4122.6066,1409.9267
77,2021-09-16,748342.0,748055.9192,4773876.3103,15989.7712,10618.0698,1319.7046,778678.1646,2357448.4979,7047.8411,4924.1493,930.7055,5942832.1334,7036.2604,4116.7887,1407.4437
78,2021-09-17,753521.0,752852.9731,4749557.9436,15578.2644,10351.2819,1286.574,785314.0649,2279170.8056,6729.6701,4740.7722,892.9161,6040285.2934,7011.3259,4109.4512,1404.24
79,2021-09-18,758619.0,757537.3908,4725317.496,15171.6476,10089.3742,1253.8999,791878.0592,2200955.6398,6415.4125,4555.4428,855.1327,6137744.3707,6981.957,4100.3543,1400.2631
80,2021-09-19,763356.0,762109.5113,4701154.1466,14769.7762,9831.8353,1221.6519,798363.4453,2122801.2759,6105.9198,4369.2748,817.5344,6235210.3297,6948.0839,4089.2999,1395.472
81,2021-09-20,768315.0,766569.7721,4677067.0206,14372.5809,9578.2692,1189.8084,804764.1938,2044705.9763,5801.9013,4183.2282,780.2707,6332684.0998,6909.6812,4076.1285,1389.8372
82,2021-09-21,771630.0,770918.7084,4653055.1916,13980.0512,9328.3763,1158.3542,811074.8984,1966667.9935,5503.9461,3998.1263,743.4656,6430166.5738,6866.7612,4060.7158,1383.3386
83,2021-09-22,775232.0,775156.9522,4629117.685,13592.2228,9081.9365,1127.2806,817290.7326,1888685.5745,5212.5418,3814.6717,707.2225,6527658.607,6819.3678,4042.9694,1375.9655
84,2021-09-23,779716.0,779285.2293,4605253.4802,13209.1661,8838.7947,1096.5833,823407.407,1810756.9632,4928.0902,3633.4611,671.6269,6625161.0168,6767.5716,4022.8256,1367.7148
85,2021-09-24,784208.0,783304.3565,4581461.5143,12830.9773,8598.8489,1066.2624,829421.1322,1732880.4048,4650.9192,3454.9996,636.7498,6722674.5815,6711.4656,4000.2462,1358.5901
86,2021-09-25,787985.0,787215.238,4557740.6847,12457.7711,8362.0401,1036.3208,835328.5832,1655054.1484,4381.2938,3279.7123,602.6497,6820200.0401,6651.1614,3975.215,1348.601
87,2021-09-26,793598.0,791018.8624,4534089.8522,12089.6747,8128.3435,1006.764,841126.8687,1577276.4503,4119.4241,3107.9551,569.3747,6917738.092,6586.7868,3947.736,1337.7622
88,2021-09-27,796667.0,794716.2982,4510507.8441,11726.8223,7897.7611,977.5992,846813.4975,1499545.5773,3865.4732,2940.0246,536.9636,7015289.3961,6518.4824,3917.8299,1326.0923
89,2021-09-28,799514.0,798308.6906,4486993.457,11369.3516,7670.3157,948.8347,852386.354,1421859.8091,3619.5627,2776.1656,505.4479,7112854.5715,6446.3997,3885.5324,1313.6137
90,2021-09-29,802524.0,801797.2576,4463545.46,11017.4008,7446.0463,920.48,857843.6718,1344217.4416,3381.7775,2616.5778,474.852,7210434.1965,6370.6997,3850.8919,1300.352
91,2021-09-30,805766.0,805183.2856,4440162.5996,10671.1025,7225.0033,892.5448,863184.0097,1266616.7894,3152.1699,2461.4221,445.195,7308028.8112,6291.5488,3813.9678,1286.3351
92,2021-10-01,809674.0,808459.9882,4417615.5761,9631.249,6952.3735,853.802,868402.9236,1189226.2427,2777.1913,2299.6177,412.9328,7406150.811,5744.8473,3747.9498,1253.8948
93,2021-10-02,812529.0,810875.32,4402724.1266,8757.9055,6966.5902,811.9779,873477.8136,1185344.6065,2459.9501,2244.8399,379.5071,7423153.6149,5289.5694,3834.0956,1204.3854
94,2021-10-03,815524.0,813271.6216,4387850.2454,8027.2787,6848.8032,762.1896,878390.8347,1181466.7264,2196.9111,2154.4767,345.6149,7440163.5155,4909.6111,3842.4168,1143.2783
95,2021-10-04,817356.0,815612.1872,4373006.9677,7401.7734,6644.979,710.8295,883136.3468,1177595.3857,1975.7446,2042.9569,313.3794,7457189.4737,4583.256,3794.6825,1078.9056
96,2021-10-05,819098.0,817873.3225,4358202.1145,6855.3051,6387.6027,661.0867,887711.1763,1173732.2556,1787.358,1920.5211,283.7602,7474237.0425,4295.7947,3707.7569,1015.5174
97,2021-10-06,821023.0,820040.6153,4343439.9655,6369.7076,6099.3774,614.3748,892114.0122,1169878.2517,1624.9872,1794.2634,257.065,7491309.4353,4037.2912,3594.3839,955.0771
98,2021-10-07,822767.0,822106.1793,4328722.4227,5932.2483,5795.9818,571.1604,896344.9722,1166033.7822,1483.5514,1668.9546,233.2544,7508408.2757,3801.0423,3464.01,898.3149
99,2021-10-08,824584.0,824066.6471,4314049.8164,5533.9176,5488.0937,531.4341,900405.2836,1162198.9198,1359.1927,1547.6777,212.12,7525534.121,3582.5203,3323.5272,845.3328
100,2021-10-09,826593.0,825921.7234,4299421.4598,5168.2542,5182.8602,494.9702,904297.0448,1158373.5201,1248.9483,1432.3101,193.3855,7542686.8241,3378.6519,3177.8959,795.9415
101,2021-10-10,829392.0,827673.156,4284836.0272,4830.5429,4884.9521,461.4653,908023.0417,1154557.3019,1150.5153,1323.8834,176.7617,7559865.7838,3187.3299,3030.6394,749.8422
102,2021-10-11,830821.0,829324.0081,4270291.811,4517.2663,4597.3171,430.6082,911586.6038,1150749.9024,1062.0815,1222.8478,161.9741,7577070.1157,3007.0832,2884.2278,706.7176
103,2021-10-12,832708.0,830878.1515,4255786.8941,4225.7324,4321.7121,402.1115,914991.4888,1146950.914,982.2038,1129.2647,148.7757,7594298.7688,2836.8575,2740.3661,666.2739
104,2021-10-13,833967.0,832339.9163,4241319.2646,3953.822,4059.0776,375.7222,918241.7891,1143159.9085,909.7188,1042.9441,136.9505,7611550.6037,2675.8685,2600.2078,628.2557
105,2021-10-14,835546.0,833713.8511,4226886.8915,3699.8167,3809.8005,351.2236,921341.8539,1139376.4536,843.6777,963.5423,126.3132,7628824.4449,2523.5064,2464.5115,592.4475
106,2021-10-15,836937.0,835004.5624,4212487.7724,3462.2831,3573.8965,328.4318,924296.2243,1135600.1228,783.2983,890.6295,116.7066,7646119.1156,2379.2727,2333.7542,558.6701
107,2021-10-16,838370.0,836216.6076,4198119.9643,3239.9934,3351.1378,307.1909,927109.5784,1131830.5024,727.9285,823.7362,107.9977,7663433.4595,2242.7406,2208.2126,526.7739
108,2021-10-17,839531.0,837354.4281,4183781.601,3031.8731,3141.1388,287.3679,929786.6849,1128067.1948,677.0201,762.3832,100.0744,7680766.3547,2113.5292,2088.0206,496.6329
109,2021-10-18,840696.0,838422.3053,4169470.9037,2836.9631,2943.4187,268.8485,932332.3639,1124309.8208,630.1072,706.1025,92.8423,7698116.7223,1991.2878,1973.2115,468.1392
110,2021-10-19,,839424.3376,4155186.1846,2654.3953,2757.4414,251.533,934751.4521,1120558.021,586.7909,654.4486,86.2214,7715483.5306,1875.6865,1863.7475,441.1983
111,2021-10-20,,840364.4277,4140925.8484,2483.376,2582.6431,235.3339,937048.7752,1116811.4551,546.7268,607.0052,80.1437,7732865.7969,1766.4106,1759.54,415.7258
112,2021-10-21,,841246.278,4126688.3911,2323.1721,2418.4524,220.1728,939229.123,1113069.8026,509.6154,563.3888,74.5514,7750262.5886,1663.1573,1660.4657,391.645
113,2021-10-22,,842073.3924,4112472.3967,2173.104,2264.302,205.9792,941297.229,1109332.7616,475.1946,523.2491,69.3948,7767673.022,1565.6343,1566.3768,368.8848
114,2021-10-23,,842849.0799,4098276.5346,2032.5382,2119.6369,192.6891,943257.7531,1105600.0483,443.2333,486.2682,64.6312,7785096.261,1473.5593,1477.109,347.3788
115,2021-10-24,,843576.4618,4084099.5548,1900.8828,1983.9199,180.2437,945115.2672,1101871.3963,413.5268,452.1591,60.2234,7802531.5157,1386.6595,1392.4874,327.064
116,2021-10-25,,844258.4792,4069940.2846,1777.5833,1856.6352,168.5888,946874.2426,1098146.5553,385.8925,420.6636,56.139,7819978.0399,1304.6716,1312.3312,307.8805
117,2021-10-26,,844897.9013,4055797.6235,1662.1203,1737.289,157.6742,948539.042,1094425.2906,360.1671,391.5491,52.3495,7837435.1298,1227.3421,1236.4558,289.771
118,2021-10-27,,845497.3342,4041670.5401,1554.0066,1625.4112,147.4532,950113.911,1090707.3822,336.2036,364.6072,48.8298,7854902.1211,1154.4274,1164.6763,272.681
119,2021-10-28,,846059.2287,4027558.0673,1452.7844,1520.5558,137.8821,951602.9718,1086992.6238,313.8693,339.6508,45.5577,7872378.3879,1085.6935,1096.8089,256.5577
120,2021-10-29,,846585.89,4013459.2992,1358.0242,1422.3,128.9203,953010.2194,1083280.8219,293.0437,316.5117,42.5133,7889863.3398,1020.9167,1032.6725,241.3509
121,2021-10-30,,847079.485,3999373.3866,1269.3226,1330.2438,120.5297,954339.518,1079571.7956,273.6172,295.0388,39.6786,7907356.4206,959.8829,972.0895,227.0123
122,2021-10-31,,847542.0505,3985299.5342,1186.3006,1244.0095,112.6745,955594.5994,1075865.3749,255.4897,275.096,37.0378,7924857.1058,902.3879,914.8867,213.4959
123,2021-11-01,,847975.5004,3971236.9972,1108.6027,1163.2409,105.3212,956779.0615,1072161.401,238.5696,256.5606,34.5762,7942364.9018,848.237,860.896,200.7575
124,2021-11-02,,848381.6334,3957185.0777,1035.8947,1087.602,98.4384,957896.3688,1068459.7248,222.7727,239.3217,32.2807,7959879.343,797.2449,809.9548,188.755
125,2021-11-03,,848762.1392,3943143.1225,967.8631,1016.7763,91.9967,958949.8523,1064760.2069,208.0216,223.2789,30.1393,7977399.9914,749.2356,761.9062,177.4482
126,2021-11-04,,849118.6051,3929110.5199,904.2134,950.4659,85.9683,959942.7111,1061062.7167,194.2448,208.341,28.1409,7994926.434,704.0418,716.5993,166.799
127,2021-11-05,,849452.5221,3915086.6971,844.6694,888.3906,80.3273,960878.0141,1057367.1319,181.3763,194.4253,26.2756,8012458.2822,661.5048,673.8894,156.7708
128,2021-11-06,,849765.2906,3901071.118,788.9717,830.2867,75.0493,961758.702,1053673.338,169.355,181.4562,24.5341,8029995.1699,621.4741,633.6377,147.3292
129,2021-11-07,,850058.2255,3887063.281,736.8771,775.9064,70.1115,962587.59,1049981.2279,158.1242,169.3647,22.9079,8047536.7525,583.8072,595.7115,138.4412
130,2021-11-08,,850332.5619,3873062.7162,688.1571,725.0166,65.4923,963367.3705,1046290.7012,147.6315,158.0878,21.3891,8065082.7056,548.369,559.9844,130.0756
131,2021-11-09,,850589.4592,3859068.9841,642.5977,677.3987,61.1717,964100.6164,1042601.6641,137.8279,147.5676,19.9705,8082632.7237,515.032,526.3356,122.2029
132,2021-11-10,,850830.006,3845081.6735,599.9979,632.847,57.1307,964789.784,1038914.0287,128.668,137.7508,18.6453,8100186.5195,483.6752,494.6503,114.795
133,2021-11-11,,851055.2242,3831100.3994,560.1694,591.1684,53.3516,965437.2169,1035227.7127,120.1095,128.5885,17.4074,8117743.8223,454.1845,464.8192,107.8255
134,2021-11-12,,851266.0733,3817124.802,522.9354,552.1817,49.8178,966045.1494,1031542.6393,112.1129,120.0356,16.2508,8135304.3776,426.4519,436.7386,101.2692
135,2021-11-13,,851463.4536,3803154.5442,488.1303,515.7168,46.5137,966615.7097,1027858.7365,104.6414,112.0503,15.1703,8152867.9458,400.3755,410.3099,95.1024
136,2021-11-14,,851648.21,3789189.3112,455.5987,481.614,43.4246,967150.9243,1024175.937,97.6609,104.5941,14.1607,8170434.3014,375.8591,385.4398,89.3027
137,2021-11-15,,851821.1357,3775228.8081,425.1951,449.7236,40.5369,967652.721,1020494.1777,91.1392,97.6313,13.2176,8188003.2325,352.8116,362.0397,83.8487
138,2021-11-16,,851982.9749,3761272.7595,396.783,419.905,37.8376,968122.9333,1016813.3998,85.0464,91.1286,12.3364,8205574.5394,331.1474,340.0257,78.7205
139,2021-11-17,,852134.4258,3747320.9075,370.2344,392.0262,35.3147,968563.3033,1013133.5482,79.3546,85.0554,11.5131,8223148.0346,310.7853,319.3184,73.8991
140,2021-11-18,,852276.1435,3733373.0112,345.4296,365.9638,32.957,968975.4859,1009454.5713,74.0377,79.383,10.744,8240723.5416,291.6492,299.8427,69.3666
141,2021-11-19,,852408.7425,3719428.8454,322.2561,341.6017,30.7537,969361.0521,1005776.4211,69.0714,74.0849,10.0255,8258300.8942,273.6669,281.5277,65.1063
142,2021-11-20,,852532.7992,3705488.1993,300.6088,318.8312,28.695,969721.4925,1002099.0524,64.4327,69.1363,9.3544,8275879.9366,256.7704,264.3062,61.102
143,2021-11-21,,852648.8545,3691550.8762,280.389,297.5504,26.7716,970058.2209,998422.4233,60.1005,64.5142,8.7274,8293460.5219,240.8958,248.1147,57.3389
144,2021-11-22,,852757.4153,3677616.692,261.5045,277.6638,24.9748,970372.5777,994746.4942,56.0546,60.1971,8.1418,8311042.5121,225.9826,232.8934,53.8027
145,2021-11-23,,852858.9572,3663685.4746,243.8688,259.0818,23.2964,970665.8329,991071.2285,52.2765,56.165,7.5949,8328625.7776,211.974,218.5856,50.4801
146,2021-11-24,,852953.9262,3649757.0635,227.4008,241.7204,21.7287,970939.1895,987396.5918,48.7487,52.3991,7.0841,8346210.1963,198.8163,205.138,47.3585
147,2021-11-25,,853042.7403,3635831.3083,212.0246,225.5012,20.2646,971193.7866,983722.5519,45.455,48.8821,6.6071,8363795.6537,186.4589,192.5001,44.426
148,2021-11-26,,853125.7917,3621908.0688,197.6694,210.3503,18.8973,971430.7022,980049.0788,42.3799,45.5975,6.1617,8381382.042,174.8543,180.6245,41.6714
149,2021-11-27,,853203.4477,3607987.2139,184.2684,196.1989,17.6206,971650.9564,976376.1445,39.5093,42.5303,5.7458,8398969.26,163.9576,169.4662,39.0841
150,2021-11-28,,853276.0529,3594068.6211,171.7597,182.9821,16.4286,971855.5139,972703.7228,36.8298,39.6662,5.3575,8416557.2126,153.7265,158.983,36.6543
151,2021-11-29,,853343.9301,3580152.1761,160.0847,170.6395,15.3158,972045.2868,969031.7893,34.3288,36.9918,4.9949,8434145.8104,144.1212,149.135,34.3725
152,2021-11-30,,853407.382,3566237.7719,149.1891,159.1143,14.277,972221.1371,965360.3209,31.9947,34.4949,4.6565,8451734.9694,135.1044,139.8846,32.2299
153,2021-12-01,,853466.8974,3552302.5921,159.5942,150.0059,13.6408,972383.9912,961684.4216,34.2312,32.4904,4.4426,8469303.0396,146.1777,132.3567,30.9689
154,2021-12-02,,853523.6167,3538369.9626,166.3261,144.041,13.4747,972535.1176,958009.0965,35.6797,31.1329,4.376,8486872.0588,153.7505,127.2438,30.7678
155,2021-12-03,,853578.5131,3524439.163,170.699,140.1844,13.5245,972675.7136,954334.191,36.6219,30.2252,4.3804,8504441.356,159.0618,123.9387,31.0701
156,2021-12-04,,853632.2593,3510509.7256,173.5615,137.7318,13.6583,972806.8223,950659.6048,37.24,29.6271,4.4148,8522010.4918,162.9167,121.9518,31.5788
157,2021-12-05,,853685.3149,3496581.349,175.4584,136.2077,13.8108,972929.3636,946985.2732,37.6509,29.2406,4.4581,8539579.1809,165.8361,120.9057,32.1428
158,2021-12-06,,853737.9914,3482653.8405,176.7382,135.2929,13.9533,973044.157,943311.1549,37.9294,28.9975,4.5005,8557147.239,168.1555,120.5191,32.6919
159,2021-12-07,,853790.497,3468727.0784,177.6221,134.7748,14.075,973151.9372,939637.2237,38.123,28.8508,4.5379,8574714.5481,170.0897,120.587,33.1981
160,2021-12-08,,853842.9699,3454800.9865,178.2504,134.5121,14.1743,973253.3663,935963.4633,38.2617,28.7683,4.5692,8592281.0334,171.776,120.9631,33.6549
161,2021-12-09,,853895.5003,3440875.5184,178.7111,134.4116,14.2533,973349.0427,932289.8637,38.3645,28.7282,4.5947,8609846.6482,173.3012,121.5445,34.0655
162,2021-12-10,,853948.1459,3426950.6466,179.0593,134.4116,14.3154,973439.5085,928616.419,38.4432,28.7155,4.6152,8627411.3639,174.7204,122.2598,34.4367
163,2021-12-11,,854000.9431,3413026.3556,179.3293,134.4719,14.3639,973525.2556,924943.1259,38.5052,28.7201,4.6315,8644975.1636,176.068,123.0599,34.7762
164,2021-12-12,,854053.9134,3399102.6376,179.5421,134.5657,14.4019,973606.7303,921269.9826,38.5549,28.7352,4.6445,8662538.0378,177.3654,123.9119,35.0906
165,2021-12-13,,854107.0691,3385179.4897,179.7107,134.6757,14.4316,973684.3384,917596.9886,38.5951,28.7562,4.655,8680099.9821,178.6258,124.7933,35.3856
166,2021-12-14,,854160.4159,3371256.9122,179.8429,134.7903,14.455,973758.4485,913924.1439,38.6276,28.78,4.6633,8697660.9948,179.8574,125.6893,35.6657
167,2021-12-15,,854213.9554,3357334.9071,179.9433,134.902,14.4733,973829.3955,910251.4489,38.6533,28.8044,4.67,8715221.0765,181.065,126.5902,35.9341
168,2021-12-16,,854267.6863,3343413.4777,180.0147,135.0058,14.4874,973897.4833,906578.9043,38.6728,28.8281,4.6753,8732780.2288,182.2513,127.4897,36.1933
169,2021-12-17,,854321.6057,3329492.628,180.0586,135.0981,14.4981,973962.9887,902906.511,38.6864,28.85,4.6795,8750338.4542,183.4181,128.3835,36.445
170,2021-12-18,,854375.7094,3315572.3626,180.076,135.1768,14.5058,974026.163,899234.27,38.6944,28.8695,4.6826,8767895.7557,184.5661,129.269,36.6905
171,2021-12-19,,854429.9924,3301652.6861,180.0673,135.2402,14.5109,974087.2346,895562.1822,38.6968,28.886,4.6849,8785452.1369,185.6957,130.1444,36.9307
172,2021-12-20,,854484.4491,3287733.6036,180.0328,135.2874,14.5134,974146.4097,891890.2487,38.6936,28.8994,4.6864,8803007.6013,186.8068,131.0087,37.166
173,2021-12-21,,854539.0736,3273815.1199,179.9725,135.3174,14.5137,974203.876,888218.4706,38.685,28.9093,4.6872,8820562.1529,187.8994,131.8611,37.3969
174,2021-12-22,,854593.8599,3259897.2403,179.8865,135.3298,14.5117,974259.8037,884546.8489,38.6709,28.9156,4.6872,8838115.7955,188.9733,132.7011,37.6236
175,2021-12-23,,854648.8015,3245979.9697,179.7749,135.324,14.5075,974314.3472,880875.3848,38.6513,28.9181,4.6864,8855668.5333,190.0283,133.5284,37.8462
176,2021-12-24,,854703.8919,3232063.3134,179.6376,135.3,14.5012,974367.6461,877204.0794,38.6262,28.9168,4.685,8873220.3705,191.0638,134.3425,38.0648
177,2021-12-25,,854759.1247,3218147.2763,179.4747,135.2573,14.4928,974419.8269,873532.9337,38.5957,28.9116,4.683,8890771.3113,192.0797,135.1434,38.2794
178,2021-12-26,,854814.4931,3204231.8636,179.2861,135.1958,14.4822,974471.0038,869861.9488,38.5596,28.9025,4.6802,8908321.3601,193.0756,135.9307,38.4901
179,2021-12-27,,854869.9904,3190317.0804,179.0719,135.1155,14.4696,974521.28,866191.1259,38.5181,28.8893,4.6768,8925870.5213,194.0512,136.7042,38.6967
