,Date,ActiveCases,AL4_Negros oriental_SC2 HSC 16.0%,S-AL4_Negros oriental_SC2 HSC 16.0%,E-AL4_Negros oriental_SC2 HSC 16.0%,IS-AL4_Negros oriental_SC2 HSC 16.0%,IA-AL4_Negros oriental_SC2 HSC 16.0%,R-AL4_Negros oriental_SC2 HSC 16.0%,V1-AL4_Negros oriental_SC2 HSC 16.0%,Ev1-AL4_Negros oriental_SC2 HSC 16.0%,ISv1-AL4_Negros oriental_SC2 HSC 16.0%,IAv1-AL4_Negros oriental_SC2 HSC 16.0%,V2-AL4_Negros oriental_SC2 HSC 16.0%,Ev2-AL4_Negros oriental_SC2 HSC 16.0%,ISv2-AL4_Negros oriental_SC2 HSC 16.0%,IAv2-AL4_Negros oriental_SC2 HSC 16.0%
0,2021-07-01,1023.0,1025.0,1316476.0,302.0,103.0,11.0,9498.0,54582.0,12.0,17.0,1.0,23841.0,3.0,4.0,1.0
1,2021-07-02,1149.0,952.8524,1315338.7821,268.3636,129.1205,15.3664,9598.4316,54573.9776,10.5626,15.5894,1.1011,24963.8303,2.6211,3.8013,0.8541
2,2021-07-03,1042.0,889.8974,1314198.105,243.978,146.9037,17.3604,9694.3815,54565.8323,9.4966,14.2966,1.1195,26086.5781,2.3444,3.5678,0.7354
3,2021-07-04,940.0,834.3134,1313055.3313,225.9387,158.5545,18.0428,9785.9627,54557.6117,8.6919,13.1237,1.0954,27209.2523,2.1431,3.3228,0.6408
4,2021-07-05,913.0,784.728,1311911.3956,212.2536,165.7401,18.0297,9873.3432,54549.3483,8.0717,12.0689,1.0519,28331.8598,1.9976,3.0819,0.5665
5,2021-07-06,816.0,740.1005,1310766.9353,201.5593,169.7031,17.6715,9956.7208,54541.0645,7.5825,11.1272,1.0016,29454.4054,1.8933,2.8548,0.5089
6,2021-07-07,672.0,699.6343,1309622.3826,192.9243,171.3589,17.162,10036.3061,54532.7754,7.187,10.2911,0.9513,30576.8929,1.8192,2.6468,0.4648
7,2021-07-08,707.0,662.7128,1308478.0276,185.7141,171.3761,16.6044,10112.312,54524.4912,6.8589,9.5518,0.9039,31699.3251,1.7675,2.4607,0.4314
8,2021-07-09,715.0,628.8518,1307334.0632,179.4969,170.2394,16.0501,10184.9473,54516.2186,6.5799,8.8996,0.8609,32821.7041,1.7321,2.297,0.4064
9,2021-07-10,664.0,597.6651,1306190.6153,173.9791,168.2983,15.5219,10254.4127,54507.9621,6.3372,8.3249,0.8222,33944.0315,1.7087,2.1551,0.3879
10,2021-07-11,655.0,568.8394,1305047.7644,168.9617,165.8037,15.0279,10320.8987,54499.7246,6.1216,7.8184,0.7878,35066.3085,1.6941,2.0337,0.3744
11,2021-07-12,642.0,542.1165,1303905.5597,164.3097,162.9352,14.5681,10384.5843,54491.5078,5.9266,7.3714,0.757,36188.5361,1.6857,1.9308,0.3647
12,2021-07-13,611.0,517.2799,1302764.0292,159.9316,159.821,14.1398,10445.6372,54483.3127,5.7475,6.976,0.7293,37310.7149,1.6817,1.8445,0.3579
13,2021-07-14,538.0,494.1454,1301623.1869,155.7654,156.5523,13.7386,10504.2135,54475.1398,5.5811,6.6251,0.7043,38432.8457,1.6808,1.7728,0.3533
14,2021-07-15,557.0,472.5542,1300483.0371,151.7687,153.1943,13.3606,10560.4581,54466.9894,5.4247,6.3123,0.6814,39554.929,1.6819,1.7136,0.3502
15,2021-07-16,598.0,452.3676,1299343.5776,147.9129,149.7929,13.0019,10614.5057,54458.8614,5.2768,6.0323,0.6603,40676.9652,1.6844,1.6651,0.3483
16,2021-07-17,563.0,433.4636,1298204.8021,144.1781,146.3811,12.6595,10666.4809,54450.7556,5.1358,5.7802,0.6408,41798.9547,1.6875,1.6258,0.3473
17,2021-07-18,553.0,415.7336,1297066.7015,140.5507,142.982,12.331,10716.4994,54442.6717,5.0008,5.552,0.6224,42920.8978,1.6909,1.5941,0.3468
18,2021-07-19,558.0,399.0808,1295929.265,137.0211,139.6121,12.0144,10764.6683,54434.6093,4.8711,5.3442,0.6051,44042.7949,1.6943,1.5687,0.3468
19,2021-07-20,482.0,383.4179,1294792.4806,133.5823,136.283,11.7083,10811.0867,54426.5682,4.746,5.1538,0.5887,45164.6461,1.6973,1.5486,0.347
20,2021-07-21,404.0,368.6662,1293656.3357,130.2292,133.0027,11.4114,10855.8467,54418.5477,4.6251,4.9783,0.573,46286.4519,1.6999,1.5326,0.3473
21,2021-07-22,375.0,354.7544,1292520.8175,126.958,129.7769,11.123,10899.0336,54410.5476,4.508,4.8157,0.5579,47408.2123,1.7019,1.52,0.3476
22,2021-07-23,330.0,341.6179,1291385.9129,123.7655,126.6093,10.8425,10940.7268,54402.5674,4.3944,4.6642,0.5435,48529.9277,1.7032,1.5101,0.348
23,2021-07-24,288.0,329.1976,1290251.6091,120.6493,123.5025,10.5692,10980.9997,54394.6066,4.284,4.5221,0.5295,49651.5982,1.7037,1.5023,0.3483
24,2021-07-25,222.0,317.4401,1289117.893,117.6072,120.4579,10.3028,11019.9208,54386.6649,4.1768,4.3884,0.516,50773.2241,1.7034,1.496,0.3485
25,2021-07-26,229.0,306.2962,1287984.7519,114.6372,117.4764,10.0431,11057.554,54378.7418,4.0724,4.2619,0.5029,51894.8055,1.7023,1.4909,0.3486
26,2021-07-27,231.0,295.7212,1286852.1734,111.7376,114.5583,9.7897,11093.9586,54370.8368,3.9707,4.1418,0.4903,53016.3426,1.7004,1.4867,0.3485
27,2021-07-28,193.0,285.6743,1285720.1451,108.9067,111.7036,9.5424,11129.1899,54362.9496,3.8717,4.0272,0.4779,54137.8356,1.6977,1.4829,0.3483
28,2021-07-29,241.0,276.1179,1284588.655,106.1431,108.9118,9.301,11163.2998,54355.0798,3.7751,3.9177,0.466,55259.2846,1.6941,1.4795,0.348
29,2021-07-30,281.0,267.0178,1283457.6912,103.4452,106.1825,9.0654,11196.3366,54347.227,3.681,3.8126,0.4543,56380.6898,1.6897,1.4762,0.3475
30,2021-07-31,240.0,258.3425,1282327.242,100.8118,103.515,8.8355,11228.3456,54339.3907,3.5893,3.7116,0.4429,57502.0513,1.6845,1.4728,0.3468
31,2021-08-01,286.0,250.1294,1281179.75,114.1309,102.1902,8.8672,11259.4107,54330.9548,4.0675,3.657,0.4442,58623.0397,1.9816,1.4872,0.3575
32,2021-08-02,260.0,242.6278,1277563.4218,124.9985,102.9518,9.235,11289.7606,56050.4536,4.4783,3.6758,0.4622,60484.9458,2.2409,1.5332,0.3837
33,2021-08-03,237.0,236.0301,1273946.6995,134.3932,105.1869,9.7648,11319.621,57769.8192,4.8724,3.7527,0.4898,62346.7421,2.4844,1.6055,0.4184
34,2021-08-04,210.0,230.4373,1270329.1579,142.9654,108.4809,10.3671,11349.1834,59489.0336,5.2693,3.878,0.5236,64208.4191,2.7238,1.7001,0.458
35,2021-08-05,231.0,225.8923,1266710.4987,151.1327,112.5573,10.9994,11378.6153,61208.0821,5.6817,4.0453,0.5618,66069.9687,2.9669,1.8139,0.501
36,2021-08-06,262.0,222.4018,1263090.5047,159.1649,117.2336,11.6436,11408.0677,62926.9523,6.118,4.2505,0.6038,67931.3843,3.2193,1.9449,0.5465
37,2021-08-07,228.0,219.9513,1259469.0083,167.2377,122.3916,12.2946,11437.679,64645.6331,6.5839,4.491,0.6493,69792.6599,3.4845,2.0916,0.5947
38,2021-08-08,238.0,218.5145,1255845.8729,175.4671,127.9562,12.9531,11467.5789,66364.1141,7.0836,4.7656,0.6983,71653.7897,3.7655,2.2534,0.6455
39,2021-08-09,242.0,218.0591,1252220.98,183.9321,133.8815,13.6223,11497.8899,68082.3848,7.6202,5.0735,0.7512,73514.7684,4.0643,2.43,0.6992
40,2021-08-10,219.0,218.5514,1248594.2216,192.6878,140.1411,14.3062,11528.7293,69800.4352,8.1964,5.4149,0.8081,75375.5903,4.3828,2.6213,0.7562
41,2021-08-11,216.0,219.958,1244965.4948,201.7749,146.7221,15.0087,11560.2105,71518.2548,8.8144,5.7901,0.8692,77236.2499,4.7225,2.8278,0.8168
42,2021-08-12,247.0,222.2478,1241334.6985,211.2247,153.6201,15.7334,11592.4436,73235.8328,9.4765,6.1999,0.9347,79096.7412,5.0849,3.05,0.8812
43,2021-08-13,279.0,225.3925,1237701.7316,221.0635,160.8371,16.4835,11625.5361,74953.1578,10.1849,6.645,1.0051,80957.0582,5.4714,3.2884,0.9499
44,2021-08-14,255.0,229.3675,1234066.4911,231.314,168.3789,17.2617,11659.594,76670.2181,10.9419,7.1268,1.0805,82817.1946,5.8833,3.5439,1.0231
45,2021-08-15,246.0,234.1513,1230428.8718,241.9972,176.2542,18.0705,11694.7221,78387.0012,11.7501,7.6465,1.1611,84677.1435,6.3223,3.8173,1.1011
46,2021-08-16,253.0,239.7264,1226788.765,253.1332,184.4738,18.9118,11731.0244,80103.4942,12.6119,8.2056,1.2473,86536.898,6.7897,4.1095,1.1841
47,2021-08-17,230.0,246.0787,1223146.0587,264.7416,193.0501,19.7878,11768.6046,81819.6831,13.5303,8.8059,1.3393,88396.4506,7.2872,4.4216,1.2726
48,2021-08-18,210.0,253.1973,1219500.6367,276.8423,201.9962,20.7003,11807.5667,83535.5535,14.508,9.449,1.4375,90255.7935,7.8165,4.7546,1.3668
49,2021-08-19,249.0,261.0748,1215852.3788,289.4551,211.3264,21.651,11848.015,85251.0902,15.5483,10.1371,1.5421,92114.9184,8.3793,5.1097,1.4671
50,2021-08-20,264.0,269.707,1212201.1601,302.6004,221.0559,22.6417,11890.0551,86966.2768,16.6544,10.8723,1.6535,93973.8165,8.9774,5.488,1.5738
51,2021-08-21,254.0,279.0924,1208546.8513,316.2992,231.2002,23.674,11933.7934,88681.0965,17.8299,11.6568,1.7721,95832.4788,9.6128,5.891,1.6872
52,2021-08-22,256.0,289.2325,1204889.3183,330.5728,241.7756,24.7498,11979.3384,90395.5313,19.0785,12.4932,1.8982,97690.8954,10.2876,6.3198,1.8078
53,2021-08-23,288.0,300.1315,1201228.4219,345.4434,252.7992,25.8708,12026.7999,92109.5623,20.4041,13.384,2.0322,99549.0562,11.0038,6.7761,1.9358
54,2021-08-24,267.0,311.7961,1197564.0178,360.9337,264.2883,27.0387,12076.2905,93823.1695,21.8107,14.3321,2.1746,101406.9504,11.7638,7.2612,2.0719
55,2021-08-25,254.0,324.2354,1193895.9564,377.0671,276.2611,28.2555,12127.9249,95536.3321,23.3028,15.3403,2.3258,103264.5667,12.5698,7.7767,2.2162
56,2021-08-26,318.0,337.461,1190224.0828,393.8678,288.7363,29.5229,12181.8207,97249.0279,24.8849,16.412,2.4862,105121.8931,13.4244,8.3243,2.3695
57,2021-08-27,334.0,351.4866,1186548.2361,411.3607,301.7331,30.8429,12238.0985,98961.2337,26.5618,17.5503,2.6564,106978.9171,14.3302,8.9058,2.532
58,2021-08-28,343.0,366.3281,1182868.2498,429.5714,315.2714,32.2176,12296.8823,100672.925,28.3384,18.7588,2.8369,108835.6255,15.2899,9.523,2.7043
59,2021-08-29,312.0,382.0036,1179183.9514,448.5265,329.3717,33.6488,12358.2998,102384.0761,30.2202,20.0412,3.0283,110692.0043,16.3064,10.1778,2.8869
60,2021-08-30,382.0,398.5331,1175495.1622,468.2532,344.0553,35.1388,12422.4823,104094.66,32.2125,21.4014,3.231,112548.0389,17.3827,10.8722,3.0805
61,2021-08-31,343.0,415.9388,1171801.6972,488.7796,359.344,36.6898,12489.5654,105804.6481,34.3212,22.8435,3.4458,114403.7138,18.5218,11.6084,3.2855
62,2021-09-01,312.0,434.2447,1168103.3673,510.1345,375.2601,38.3038,12559.6891,107514.0022,36.5523,24.3717,3.6731,116259.0189,19.7271,12.3886,3.5025
63,2021-09-02,330.0,475.9826,1165220.1075,529.3965,371.4403,39.4774,12633.2174,106492.1358,38.5632,24.6466,3.89,120027.9797,20.915,12.5354,3.7122
64,2021-09-03,384.0,513.8604,1162337.1463,545.0184,371.3565,40.7215,12710.3893,105470.3923,40.1369,25.153,4.1016,123796.6146,22.0452,12.8253,3.9298
65,2021-09-04,360.0,548.8567,1159453.5853,558.468,373.7132,41.9296,12791.1395,104448.7036,41.414,25.7844,4.2956,127564.8826,23.1654,13.2226,4.1504
66,2021-09-05,408.0,581.6378,1156568.8667,570.6407,377.6706,43.067,12875.3877,103427.0284,42.4852,26.4724,4.4685,131332.7543,24.3036,13.7031,4.3735
67,2021-09-06,373.0,612.6665,1153682.6436,582.08,382.6855,44.1313,12963.0491,102405.3424,43.4097,27.1745,4.6208,135100.2082,25.476,14.2506,4.6001
68,2021-09-07,384.0,642.2716,1150794.6998,593.1134,388.4066,45.1334,13054.0404,101383.6318,44.2267,27.8651,4.7547,138867.2279,26.6915,14.8543,4.8317
69,2021-09-08,383.0,670.6945,1147904.8996,603.9366,394.6067,46.0875,13148.2828,100361.8889,44.9624,28.5297,4.8728,142633.7998,27.9543,15.5071,5.0698
70,2021-09-09,521.0,698.1171,1145013.157,614.665,401.1388,47.0068,13245.7034,99340.1098,45.635,29.1608,4.9779,146399.9126,29.2662,16.2043,5.3155
71,2021-09-10,587.0,724.6817,1142119.4169,625.3657,407.9069,47.9024,13346.236,98318.2934,46.257,29.7555,5.0721,150165.5558,30.6277,16.9427,5.5696
72,2021-09-11,648.0,750.5026,1139223.6429,636.0764,414.8483,48.7827,13449.8212,97296.4397,46.8376,30.3137,5.1575,153930.7201,32.0384,17.72,5.8327
73,2021-09-12,671.0,775.6746,1136325.8106,646.8173,421.9211,49.6539,13556.4055,96274.5498,47.3831,30.8368,5.2356,157695.3964,33.4975,18.5344,6.1051
74,2021-09-13,786.0,800.2775,1133425.9028,657.5985,429.0973,50.5203,13665.9418,95252.6254,47.8985,31.3269,5.3076,161459.576,35.0043,19.3846,6.3868
75,2021-09-14,760.0,824.3803,1130523.9075,668.4237,436.3572,51.385,13778.3884,94230.6686,48.3873,31.7866,5.3745,165223.2502,36.5579,20.2697,6.6781
76,2021-09-15,726.0,848.043,1127619.8158,679.2931,443.687,52.2499,13893.7085,93208.6817,48.8523,32.2183,5.4371,168986.4105,38.1576,21.1888,6.9787
77,2021-09-16,810.0,871.3184,1124713.6209,690.2046,451.0765,53.116,14011.8699,92186.6673,49.2954,32.6247,5.496,172749.0484,39.8027,22.141,7.2887
78,2021-09-17,912.0,894.2533,1121805.318,701.1552,458.5177,53.9843,14132.8445,91164.6279,49.7181,33.008,5.5516,176511.1554,41.4927,23.1258,7.608
79,2021-09-18,943.0,916.8893,1118894.9036,712.141,466.0042,54.8548,14256.6081,90142.5666,50.1217,33.3702,5.6043,180272.7231,43.2271,24.1425,7.9364
80,2021-09-19,978.0,939.2636,1115982.3753,723.1578,473.5306,55.7279,14383.1394,89120.4861,50.5069,33.713,5.6543,184033.7431,45.0056,25.1907,8.274
81,2021-09-20,917.0,961.4091,1113067.732,734.201,481.0922,56.6033,14512.4203,88098.3896,50.8743,34.038,5.7019,187794.2068,46.8279,26.2698,8.6206
82,2021-09-21,769.0,983.3553,1110150.9735,745.2662,488.6847,57.481,14644.4352,87076.2801,51.2243,34.3463,5.7472,191554.1058,48.6937,27.3797,8.9761
83,2021-09-22,678.0,1005.1284,1107232.1007,756.3486,496.304,58.3606,14779.1708,86054.1609,51.5571,34.6391,5.7903,195313.4316,50.6028,28.5198,9.3405
84,2021-09-23,812.0,1026.7515,1104311.1156,767.4433,503.9465,59.2419,14916.6157,85032.0352,51.8729,34.9171,5.8313,199072.1759,52.5551,29.6899,9.7137
85,2021-09-24,950.0,1048.2453,1101388.0209,778.5457,511.6084,60.1246,15056.7603,84009.9065,52.1716,35.181,5.8702,202830.3302,54.5503,30.8897,10.0957
86,2021-09-25,1496.0,1069.6277,1098462.8208,789.6507,519.2862,61.0083,15199.5967,82987.7783,52.4533,35.4313,5.9072,206587.8861,56.5883,32.1191,10.4865
87,2021-09-26,1499.0,1090.9145,1095535.5201,800.7534,526.9762,61.8926,15345.1178,81965.654,52.7177,35.6684,5.9421,210344.8353,58.6689,33.3777,10.8859
88,2021-09-27,1471.0,1112.1195,1092606.125,811.8489,534.675,62.7772,15493.3181,80943.5375,52.9647,35.8926,5.975,214101.1693,60.792,34.6655,11.294
89,2021-09-28,1300.0,1133.2544,1089674.6425,822.932,542.3791,63.6617,15644.1926,79921.4323,53.194,36.1041,6.006,217856.88,62.9574,35.9823,11.7107
90,2021-09-29,1476.0,1154.3295,1086741.0808,833.9976,550.085,64.5456,15797.7372,78899.3423,53.4055,36.3029,6.0349,221611.9592,65.1648,37.3279,12.136
91,2021-09-30,1556.0,1175.3531,1083805.4501,845.0398,557.7891,65.4287,15953.9482,77877.2714,53.5987,36.4892,6.0618,225366.3987,67.4141,38.7021,12.5699
92,2021-10-01,1357.0,1195.8163,1080958.8037,773.5107,558.9839,64.9908,16112.5887,76860.7397,48.8013,36.2957,5.9792,229128.194,62.4099,39.6821,12.7349
93,2021-10-02,1579.0,1190.6586,1078373.6731,715.4945,570.1344,63.3706,16272.3496,76852.1618,44.8871,36.8102,5.7743,231619.7494,58.4789,41.4009,12.5778
94,2021-10-03,1134.0,1186.9242,1075788.3279,668.2668,570.7055,60.8178,16432.0257,76843.5753,41.7101,36.6701,5.5016,234111.0374,55.3828,42.33,12.2338
95,2021-10-04,1052.0,1182.9315,1073204.1102,628.6583,564.0468,57.9269,16590.8915,76835.0383,39.0636,36.0837,5.2087,236602.2102,52.8595,42.667,11.8143
96,2021-10-05,1027.0,1177.6547,1070621.8916,594.5036,552.5556,55.0044,16748.3689,76826.6037,36.8038,35.2032,4.92,239093.351,50.7302,42.5706,11.378
97,2021-10-06,1174.0,1170.5186,1068042.2181,564.323,537.932,52.1959,16903.9921,76818.3049,34.8305,34.138,4.6473,241584.5156,48.8733,42.1638,10.9532
98,2021-10-07,1143.0,1161.2523,1065465.4144,537.1042,521.3716,49.5597,17057.3837,76810.1623,33.0735,32.9655,4.3947,244075.7404,47.2065,41.5395,10.5516
99,2021-10-08,1163.0,1149.7857,1062891.6559,512.153,503.7083,47.109,17208.2363,76802.1873,31.4833,31.7396,4.1627,246567.0487,45.6746,40.7666,10.1765
100,2021-10-09,1168.0,1136.1768,1060321.0182,488.9909,485.5186,44.8357,17356.3,76794.3853,30.0249,30.4974,3.9503,249058.4547,44.2403,39.895,9.8266
101,2021-10-10,1116.0,1120.5625,1057753.5101,467.2863,467.1968,42.723,17501.3723,76786.7575,28.6732,29.2636,3.7552,251549.9662,42.8789,38.961,9.4992
102,2021-10-11,1159.0,1103.1241,1055189.0972,446.8065,449.0093,40.7523,17643.2908,76779.3028,27.4101,28.0546,3.5754,254041.5867,41.574,37.9899,9.191
103,2021-10-12,1077.0,1084.0647,1052627.717,427.3861,431.1332,38.9058,17781.927,76772.0181,26.2223,26.8802,3.4089,256533.3169,40.3148,36.9999,8.899
104,2021-10-13,1142.0,1063.5941,1050069.2901,408.9055,413.6831,37.168,17917.1817,76764.8993,25.0997,25.7464,3.2538,259025.1555,39.0942,36.0035,8.6205
105,2021-10-14,1087.0,1041.9191,1047513.7264,391.2756,396.7308,35.526,18048.9813,76757.9416,24.035,24.6563,3.1088,261517.0998,37.9077,35.0094,8.3534
106,2021-10-15,909.0,1019.2376,1044960.9305,374.4288,380.3183,33.9694,18177.2739,76751.1399,23.0223,23.6108,2.9724,264009.1463,36.7523,34.0236,8.0962
107,2021-10-16,1052.0,995.735,1042410.8047,358.3114,364.4673,32.4895,18302.0269,76744.4888,22.057,22.6098,2.8437,266501.2909,35.626,33.05,7.8474
108,2021-10-17,1281.0,971.5827,1039863.251,342.8801,349.1858,31.0795,18423.2247,76737.983,21.1354,21.6523,2.7219,268993.5292,34.5276,32.0914,7.6063
109,2021-10-18,,946.9371,1037318.1726,328.098,334.4723,29.7339,18540.8661,76731.6172,20.2543,20.737,2.6062,271485.8566,33.4562,31.1497,7.372
110,2021-10-19,,921.9398,1034775.4746,313.9334,320.3195,28.448,18654.9625,76725.386,19.4112,19.862,2.4962,273978.2682,32.4113,30.2261,7.1442
111,2021-10-20,,896.8123,1032215.021,318.5162,308.1781,27.5118,18765.5904,76718.0303,19.7401,19.1111,2.416,276468.5133,33.4275,29.4421,7.0006
112,2021-10-21,,872.0545,1029657.0126,320.1553,298.791,26.9941,18873.0216,76710.8115,19.8861,18.5297,2.372,278958.8351,34.0996,28.8806,6.9632
113,2021-10-22,,848.0506,1027100.924,319.8577,291.3225,26.6767,18977.5269,76703.6974,19.9114,18.0699,2.3461,281449.1789,34.5391,28.4885,6.9761
114,2021-10-23,,825.0224,1024546.404,318.2904,285.1832,26.4428,19079.3316,76696.6663,19.8574,17.6968,2.3283,283939.5083,34.821,28.221,7.009
115,2021-10-24,,803.0818,1021993.2183,315.8946,279.961,26.233,19178.6273,76689.7038,19.7515,17.3854,2.3132,286429.7995,34.9954,28.0422,7.046
116,2021-10-25,,782.2686,1019441.2105,312.9611,275.3697,26.0194,19275.5798,76682.8003,19.6116,17.1174,2.2984,288920.0366,35.0958,27.9246,7.0796
117,2021-10-26,,762.5756,1016890.2764,309.6814,271.2116,25.7908,19370.3342,76675.9495,19.4497,16.88,2.2826,291410.2097,35.1449,27.8477,7.1067
118,2021-10-27,,743.9666,1014340.3458,306.1811,267.3514,25.5447,19463.0194,76669.1472,19.2734,16.6641,2.2655,293900.3124,35.1574,27.7965,7.1265
119,2021-10-28,,726.3882,1011791.3716,302.5429,263.6963,25.2822,19553.7504,76662.3906,19.088,16.4633,2.2471,296390.3411,35.1435,27.7604,7.1394
120,2021-10-29,,709.7781,1009243.3215,298.8207,260.1834,25.0061,19642.6307,76655.6779,18.8967,16.273,2.2275,298880.2936,35.1097,27.7321,7.1462
121,2021-10-30,,694.0702,1006696.1731,295.0499,256.7703,24.7194,19729.7536,76649.0078,18.7017,16.0901,2.2071,301370.1689,35.0606,27.7065,7.1477
122,2021-10-31,,679.1978,1004149.9102,291.2539,253.4281,24.4249,19815.2038,76642.3796,18.5044,15.9126,2.1858,303859.9669,34.9991,27.6803,7.1448
123,2021-11-01,,665.0961,1001604.037,287.4478,250.1378,24.1248,19899.0581,76635.7926,18.3057,15.7387,2.164,306350.1718,34.9273,27.6511,7.1383
124,2021-11-02,,651.7033,996550.8994,283.5792,246.8833,23.8203,19981.3864,76629.2465,18.1063,15.5676,2.1419,311348.4679,34.8728,27.6188,7.1293
125,2021-11-03,,638.96,991498.7935,279.6086,243.6417,23.5102,20062.252,76622.741,17.9064,15.3983,2.1194,316346.5908,34.8553,27.5869,7.121
126,2021-11-04,,626.8095,986447.7719,275.5608,240.3957,23.194,20141.7117,76616.2762,17.7061,15.2305,2.0967,321344.4838,34.866,27.5594,7.1154
127,2021-11-05,,615.1986,981397.8291,271.4544,237.1346,22.8719,20219.8166,76609.8521,17.5056,15.0637,2.0739,326342.1496,34.8972,27.5387,7.1133
128,2021-11-06,,604.0775,976348.9608,267.3041,233.8524,22.5445,20296.6126,76603.4687,17.3046,14.8976,2.0509,331339.5911,34.9425,27.5262,7.1146
129,2021-11-07,,593.4008,971301.1631,263.1214,230.5466,22.2127,20372.1413,76597.1263,17.1032,14.7321,2.0279,336336.8113,34.9967,27.5223,7.119
130,2021-11-08,,583.1264,966254.432,258.9156,227.217,21.8771,20446.4399,76590.825,16.9013,14.5668,2.0048,341333.8132,35.0554,27.5267,7.1259
131,2021-11-09,,573.2164,961208.7638,254.6942,223.8647,21.5387,20519.5423,76584.5649,16.6989,14.4017,1.9816,346330.5999,35.1151,27.5386,7.1345
132,2021-11-10,,563.636,956164.1545,250.4638,220.4919,21.198,20591.4789,76578.3463,16.4958,14.2365,1.9584,351327.1744,35.1728,27.5569,7.1443
133,2021-11-11,,554.3538,951120.5999,246.2297,217.1014,20.8557,20662.2773,76572.1693,16.2921,14.0713,1.935,356323.5398,35.2261,27.58,7.1546
134,2021-11-12,,545.3416,946078.0955,241.9966,213.6964,20.5124,20731.9623,76566.0339,16.0877,13.9059,1.9116,361319.699,35.2732,27.6066,7.1649
135,2021-11-13,,536.5737,941036.6366,237.7685,210.2801,20.1685,20800.5566,76559.9404,15.8827,13.7403,1.8882,366315.6551,35.3124,27.635,7.1747
136,2021-11-14,,528.027,935996.2182,233.549,206.8557,19.8243,20868.0806,76553.8888,15.6772,13.5743,1.8646,371311.411,35.3425,27.6639,7.1835
137,2021-11-15,,519.6809,930956.835,229.3413,203.4264,19.4804,20934.5531,76547.8792,15.471,13.408,1.841,376306.9696,35.3626,27.6918,7.191
138,2021-11-16,,511.5166,925918.4815,225.1484,199.9954,19.137,20999.991,76541.9116,15.2643,13.2413,1.8173,381302.3339,35.3717,27.7174,7.197
139,2021-11-17,,503.5175,920881.1517,220.9729,196.5655,18.7944,21064.4098,76535.9861,15.0572,13.0743,1.7936,386297.5066,35.3694,27.7395,7.2011
140,2021-11-18,,495.6687,915844.8395,216.817,193.1395,18.4528,21127.8236,76530.1028,14.8497,12.9069,1.7698,391292.4906,35.3551,27.7571,7.2032
141,2021-11-19,,487.9567,910809.5385,212.6831,189.7199,18.1126,21190.2454,76524.2615,14.6418,12.7391,1.7459,396287.2887,35.3286,27.7692,7.2032
142,2021-11-20,,480.3699,905775.2421,208.5732,186.3093,17.7738,21251.6873,76518.4624,14.4337,12.571,1.722,401281.9035,35.2896,27.7751,7.2009
143,2021-11-21,,472.8974,900741.9432,204.4892,182.9099,17.4367,21312.1604,76512.7053,14.2254,12.4025,1.6981,406276.3377,35.238,27.774,7.1961
144,2021-11-22,,465.53,895709.6347,200.4328,179.5238,17.1015,21371.6748,76506.9902,14.0171,12.2338,1.6741,411270.5939,35.1737,27.7654,7.189
145,2021-11-23,,458.2592,890678.3092,196.4058,176.1529,16.7684,21430.2404,76501.317,13.8086,12.0649,1.6501,416264.6747,35.0967,27.7489,7.1793
146,2021-11-24,,451.0779,885647.959,192.4096,172.7992,16.4374,21487.866,76495.6857,13.6003,11.8958,1.6261,421258.5825,35.007,27.7239,7.1671
147,2021-11-25,,443.9794,880618.5764,188.4458,169.4644,16.1087,21544.5602,76490.0962,13.3921,11.7265,1.6021,426252.3199,34.9048,27.6903,7.1524
148,2021-11-26,,436.9582,875590.1532,184.5158,166.15,15.7825,21600.3312,76484.5483,13.1841,11.5572,1.5781,431245.8892,34.7901,27.6477,7.1351
149,2021-11-27,,430.0092,870562.6812,180.6209,162.8577,15.4589,21655.1865,76479.0419,12.9765,11.3878,1.5541,436239.2927,34.6632,27.596,7.1153
150,2021-11-28,,423.1283,865536.1521,176.7623,159.5888,15.138,21709.1336,76473.5768,12.7692,11.2184,1.5302,441232.5327,34.5241,27.5351,7.0929
151,2021-11-29,,416.3117,860510.5571,172.9413,156.3446,14.8199,21762.1796,76468.1528,12.5624,11.0492,1.5062,446225.6114,34.373,27.4649,7.0681
152,2021-11-30,,409.5563,855485.8875,169.1589,153.1266,14.5047,21814.3315,76462.7699,12.3561,10.8801,1.4823,451218.531,34.2103,27.3854,7.0408
153,2021-12-01,,402.8594,850462.1343,165.4161,149.9357,14.1926,21865.596,76457.4278,12.1505,10.7112,1.4585,456211.2936,34.0361,27.2966,7.0111
154,2021-12-02,,396.2188,845439.2886,161.7141,146.7732,13.8836,21915.9798,76452.1262,11.9456,10.5426,1.4347,461203.9012,33.8507,27.1986,6.9789
155,2021-12-03,,389.6326,840417.341,158.0537,143.64,13.5777,21965.4894,76446.8649,11.7415,10.3743,1.411,466196.3557,33.6543,27.0914,6.9445
156,2021-12-04,,383.0993,835396.2823,154.4358,140.5373,13.2752,22014.1314,76441.6438,11.5382,10.2065,1.3873,471188.6591,33.4472,26.9751,6.9077
157,2021-12-05,,376.6176,830376.103,150.8613,137.4659,12.976,22061.9122,76436.4625,11.3359,10.0391,1.3638,476180.8132,33.2298,26.8499,6.8687
158,2021-12-06,,370.1868,825356.7935,147.3309,134.4267,12.6802,22108.8382,76431.3207,11.1346,9.8722,1.3403,481172.8197,33.0022,26.7159,6.8275
159,2021-12-07,,363.8061,820338.3442,143.8453,131.4206,12.388,22154.9159,76426.2183,10.9343,9.7059,1.3169,486164.6804,32.7648,26.5732,6.7842
160,2021-12-08,,357.4751,815320.7453,140.4053,128.4482,12.0993,22200.1519,76421.1548,10.7352,9.5403,1.2937,491156.3968,32.5179,26.422,6.7387
161,2021-12-09,,351.1934,810303.9869,137.0114,125.5105,11.8142,22244.5527,76416.1301,10.5374,9.3754,1.2706,496147.9707,32.2617,26.2626,6.6913
162,2021-12-10,,344.9612,805288.0592,133.6643,122.6079,11.5329,22288.1249,76411.1437,10.3408,9.2112,1.2476,501139.4034,31.9967,26.0951,6.6419
163,2021-12-11,,338.7783,800272.9522,130.3645,119.7412,11.2553,22330.8752,76406.1954,10.1455,9.0479,1.2247,506130.6964,31.7231,25.9197,6.5906
164,2021-12-12,,332.6451,795258.6558,127.1124,116.911,10.9814,22372.8103,76401.2848,9.9517,8.8855,1.202,511121.8511,31.4413,25.7367,6.5375
165,2021-12-13,,326.5618,790245.1601,123.9085,114.1178,10.7114,22413.9372,76396.4115,9.7593,8.724,1.1795,516112.8687,31.1515,25.5462,6.4826
166,2021-12-14,,320.5288,785232.4548,120.7533,111.3621,10.4453,22454.2628,76391.5753,9.5684,8.5635,1.1571,521103.7506,30.8541,25.3485,6.426
167,2021-12-15,,314.5467,780220.5298,117.647,108.6445,10.1831,22493.7941,76386.7757,9.3792,8.404,1.1348,526094.4978,30.5494,25.1438,6.3678
168,2021-12-16,,308.616,775209.3751,114.5899,105.9652,9.9249,22532.5384,76382.0123,9.1915,8.2456,1.1128,531085.1115,30.2378,24.9324,6.3079
169,2021-12-17,,302.7374,770198.9803,111.5823,103.3248,9.6706,22570.503,76377.2849,9.0056,8.0884,1.0909,536075.5928,29.9195,24.7145,6.2466
170,2021-12-18,,296.9115,765189.3354,108.6245,100.7236,9.4203,22607.6952,76372.5929,8.8213,7.9323,1.0692,541065.9425,29.5949,24.4904,6.1838
171,2021-12-19,,291.139,760180.4301,105.7166,98.1619,9.174,22644.1226,76367.936,8.6389,7.7775,1.0477,546056.1617,29.2644,24.2602,6.1197
172,2021-12-20,,285.4207,755172.2543,102.8588,95.6399,8.9318,22679.7927,76363.3138,8.4582,7.624,1.0264,551046.2511,28.9282,24.0243,6.0542
173,2021-12-21,,279.7574,750164.7978,100.0512,93.158,8.6936,22714.7135,76358.7259,8.2794,7.4718,1.0052,556036.2115,28.5867,23.7829,5.9875
174,2021-12-22,,274.1498,745158.0505,97.2937,90.7163,8.4595,22748.8926,76354.1718,8.1026,7.3209,0.9843,561026.0437,28.2401,23.5362,5.9196
175,2021-12-23,,268.5987,740152.0023,94.5866,88.315,8.2295,22782.3382,76349.6512,7.9277,7.1715,0.9637,566015.7482,27.8889,23.2845,5.8506
176,2021-12-24,,263.105,735146.643,91.9297,85.9542,8.0036,22815.0582,76345.1635,7.7547,7.0235,0.9432,571005.3257,27.5333,23.0281,5.7806
177,2021-12-25,,257.6693,730141.9628,89.3229,83.6341,7.7818,22847.0609,76340.7084,7.5838,6.877,0.9229,575994.7768,27.1737,22.7672,5.7096
178,2021-12-26,,252.2924,725137.9515,86.7663,81.3548,7.564,22878.3546,76336.2855,7.4149,6.732,0.9029,580984.1018,26.8103,22.502,5.6376
179,2021-12-27,,246.9752,720134.5993,84.2597,79.1162,7.3504,22908.9476,76331.8942,7.2481,6.5885,0.8831,585973.3012,26.4436,22.2329,5.5648
