,Date,CumulativeSumAdmitted,AL3_Siquijor_SC1 HSC 16.0%,S-AL3_Siquijor_SC1 HSC 16.0%,E-AL3_Siquijor_SC1 HSC 16.0%,IS-AL3_Siquijor_SC1 HSC 16.0%,IA-AL3_Siquijor_SC1 HSC 16.0%,R-AL3_Siquijor_SC1 HSC 16.0%,V1-AL3_Siquijor_SC1 HSC 16.0%,Ev1-AL3_Siquijor_SC1 HSC 16.0%,ISv1-AL3_Siquijor_SC1 HSC 16.0%,IAv1-AL3_Siquijor_SC1 HSC 16.0%,V2-AL3_Siquijor_SC1 HSC 16.0%,Ev2-AL3_Siquijor_SC1 HSC 16.0%,ISv2-AL3_Siquijor_SC1 HSC 16.0%,IAv2-AL3_Siquijor_SC1 HSC 16.0%
0,2021-07-01,235.0,235.0,94593.0,13.0,14.0,1.0,219.0,3899.0,1.0,0.0,0.0,1703.0,0.0,0.0,0.0
1,2021-07-02,235.0,236.9696,94511.2753,12.5096,13.4924,1.0178,221.1817,3898.7705,0.8836,0.1345,0.0369,1782.9134,0.0145,0.0009,0.0006
2,2021-07-03,235.0,238.8878,94429.6023,12.0642,13.0155,1.0157,223.4078,3898.5426,0.7868,0.2369,0.0571,1862.8233,0.0267,0.0032,0.0018
3,2021-07-04,239.0,240.7537,94347.9848,11.6521,12.5646,1.0019,225.6659,3898.3165,0.7059,0.3118,0.0669,1942.7296,0.0369,0.0067,0.0035
4,2021-07-05,239.0,242.5671,94266.4252,11.2653,12.1362,0.9813,227.9449,3898.0923,0.6381,0.3642,0.0705,2022.6324,0.0455,0.011,0.0052
5,2021-07-06,239.0,244.3278,94184.9245,10.8983,11.7278,0.9571,230.2354,3897.8699,0.5808,0.3985,0.0704,2102.5319,0.0527,0.0158,0.0069
6,2021-07-07,249.0,246.0362,94103.4828,10.5472,11.3375,0.931,232.5291,3897.6495,0.5322,0.4186,0.0683,2182.4279,0.0587,0.0209,0.0084
7,2021-07-08,250.0,247.6929,94022.0999,10.2096,10.9634,0.9041,234.819,3897.4309,0.4907,0.4279,0.0652,2262.3206,0.0637,0.026,0.0098
8,2021-07-09,251.0,249.2987,93940.775,9.8836,10.6042,0.877,237.0987,3897.2142,0.455,0.4292,0.0616,2342.21,0.0679,0.031,0.0111
9,2021-07-10,251.0,250.8547,93859.5069,9.5681,10.2587,0.8502,239.3628,3896.9994,0.4242,0.4246,0.0579,2422.0962,0.0714,0.0358,0.0122
10,2021-07-11,253.0,252.3619,93778.2947,9.2623,9.9258,0.8238,241.6067,3896.7863,0.3973,0.4159,0.0544,2501.979,0.0742,0.0403,0.0131
11,2021-07-12,262.0,253.8216,93697.1368,8.9657,9.6047,0.798,243.8261,3896.575,0.3737,0.4044,0.051,2581.8587,0.0765,0.0444,0.0139
12,2021-07-13,268.0,255.235,93616.0319,8.6778,9.2945,0.7728,246.0175,3896.3654,0.3529,0.3911,0.048,2661.7351,0.0784,0.0482,0.0146
13,2021-07-14,268.0,256.6034,93534.9786,8.3983,8.9947,0.7482,248.178,3896.1575,0.3343,0.3769,0.0452,2741.6083,0.0799,0.0517,0.0151
14,2021-07-15,268.0,257.928,93453.9754,8.1271,8.7046,0.7243,250.3049,3895.9512,0.3176,0.3621,0.0426,2821.4784,0.0811,0.0548,0.0156
15,2021-07-16,269.0,259.2102,93373.021,7.8638,8.4239,0.7011,252.3961,3895.7464,0.3026,0.3474,0.0403,2901.3453,0.082,0.0575,0.016
16,2021-07-17,269.0,260.4511,93292.1139,7.6084,8.152,0.6785,254.4496,3895.5432,0.2889,0.3328,0.0382,2981.209,0.0827,0.0599,0.0163
17,2021-07-18,276.0,261.6521,93211.2528,7.3606,7.8886,0.6566,256.4641,3895.3415,0.2764,0.3187,0.0364,3061.0696,0.0831,0.0619,0.0165
18,2021-07-19,283.0,262.8143,93130.4363,7.1203,7.6333,0.6353,258.4383,3895.1411,0.2648,0.305,0.0346,3140.9271,0.0834,0.0637,0.0167
19,2021-07-20,285.0,263.939,93049.6632,6.8872,7.386,0.6147,260.3713,3894.9422,0.2541,0.292,0.0331,3220.7815,0.0835,0.0652,0.0168
20,2021-07-21,300.0,265.0272,92968.932,6.6613,7.1462,0.5946,262.2622,3894.7446,0.2441,0.2797,0.0316,3300.6328,0.0834,0.0664,0.0169
21,2021-07-22,300.0,266.0802,92888.2417,6.4424,6.9138,0.5752,264.1106,3894.5483,0.2348,0.268,0.0303,3380.481,0.0833,0.0674,0.017
22,2021-07-23,300.0,267.0989,92807.591,6.2302,6.6886,0.5564,265.9161,3894.3533,0.226,0.2569,0.0291,3460.3261,0.083,0.0682,0.017
23,2021-07-24,301.0,268.0846,92726.9787,6.0247,6.4703,0.5381,267.6785,3894.1595,0.2177,0.2464,0.0279,3540.1682,0.0826,0.0689,0.017
24,2021-07-25,305.0,269.0382,92646.4037,5.8255,6.2588,0.5204,269.3978,3893.9668,0.2099,0.2365,0.0268,3620.0072,0.0822,0.0693,0.0169
25,2021-07-26,305.0,269.9607,92565.865,5.6327,6.0538,0.5033,271.0741,3893.7754,0.2024,0.2271,0.0258,3699.8431,0.0816,0.0696,0.0169
26,2021-07-27,307.0,270.8531,92485.3613,5.4459,5.8552,0.4866,272.7075,3893.585,0.1953,0.2183,0.0249,3779.676,0.081,0.0698,0.0168
27,2021-07-28,307.0,271.7163,92404.8918,5.2651,5.6627,0.4705,274.2984,3893.3957,0.1886,0.2099,0.024,3859.5058,0.0804,0.0698,0.0167
28,2021-07-29,307.0,272.5513,92324.4553,5.09,5.4762,0.455,275.8471,3893.2074,0.1821,0.2019,0.0231,3939.3326,0.0796,0.0698,0.0166
29,2021-07-30,308.0,273.359,92244.051,4.9205,5.2956,0.4399,277.354,3893.0202,0.1758,0.1944,0.0223,4019.1563,0.0789,0.0696,0.0165
30,2021-07-31,309.0,274.1402,92163.6779,4.7564,5.1207,0.4253,278.8197,3892.8339,0.1699,0.1873,0.0215,4098.977,0.0781,0.0693,0.0163
31,2021-08-01,311.0,274.9016,92081.8028,5.9849,5.0632,0.4335,280.2484,3892.5953,0.2135,0.1842,0.0218,4178.7663,0.1035,0.0705,0.0172
32,2021-08-02,315.0,275.6699,91823.9129,7.0132,5.1887,0.4712,281.6572,4015.3507,0.2515,0.1875,0.0236,4311.5491,0.1258,0.0744,0.0194
33,2021-08-03,319.0,276.4687,91565.938,7.9424,5.4472,0.5238,283.0634,4138.0946,0.2884,0.196,0.0263,4444.323,0.1472,0.0806,0.0224
34,2021-08-04,320.0,277.3157,91307.8253,8.8382,5.807,0.5843,284.4819,4260.8249,0.3266,0.2088,0.0295,4577.0869,0.169,0.0889,0.0258
35,2021-08-05,325.0,278.2246,91049.5348,9.7428,6.249,0.6495,285.9265,4383.5394,0.3676,0.2256,0.0332,4709.8396,0.1922,0.0989,0.0297
36,2021-08-06,325.0,279.2071,90791.0333,10.6845,6.7622,0.7186,287.41,4506.2364,0.4126,0.2463,0.0373,4842.5802,0.2172,0.1107,0.0339
37,2021-08-07,335.0,280.2737,90532.2916,11.6832,7.3412,0.7916,288.9452,4628.9141,0.4626,0.2707,0.0419,4975.3077,0.2448,0.1244,0.0385
38,2021-08-08,340.0,281.4342,90273.2816,12.7538,7.9841,0.869,290.5447,4751.5704,0.5183,0.2992,0.0471,5108.021,0.2753,0.1398,0.0436
39,2021-08-09,352.0,282.6989,90013.9754,13.9088,8.6916,0.9516,292.2216,4874.2035,0.5804,0.3319,0.0528,5240.7192,0.3092,0.1573,0.0492
40,2021-08-10,352.0,284.0778,89754.3442,15.1588,9.4664,1.0401,293.9892,4996.8113,0.6499,0.3691,0.0591,5373.401,0.3469,0.1769,0.0554
41,2021-08-11,353.0,285.5821,89494.3576,16.5144,10.3122,1.1354,295.8616,5119.3913,0.7274,0.4112,0.0662,5506.0652,0.3889,0.1988,0.0622
42,2021-08-12,353.0,287.2231,89233.9831,17.9858,11.2339,1.2383,297.8534,5241.941,0.8139,0.4587,0.0742,5638.7104,0.4356,0.2233,0.0699
43,2021-08-13,353.0,289.0136,88973.1859,19.5836,12.2372,1.3497,299.9801,5364.4576,0.9102,0.5121,0.083,5771.3351,0.4876,0.2507,0.0783
44,2021-08-14,353.0,290.9668,88711.9285,21.3191,13.3286,1.4704,302.2581,5486.938,1.0174,0.572,0.0929,5903.9376,0.5455,0.2812,0.0878
45,2021-08-15,356.0,293.0975,88450.1702,23.2041,14.5153,1.6014,304.705,5609.3788,1.1367,0.639,0.1039,6036.5161,0.6097,0.3152,0.0983
46,2021-08-16,358.0,295.4215,88187.8672,25.2514,15.8053,1.7435,307.3394,5731.7762,1.2693,0.7139,0.1161,6169.0685,0.6811,0.353,0.1099
47,2021-08-17,358.0,297.9561,87924.9718,27.4747,17.2071,1.8978,310.1813,5854.1259,1.4165,0.7974,0.1297,6301.5927,0.7604,0.3951,0.1229
48,2021-08-18,359.0,300.7199,87661.4327,29.8888,18.7303,2.0654,313.2521,5976.4235,1.5799,0.8904,0.1448,6434.086,0.8484,0.4419,0.1373
49,2021-08-19,360.0,303.7331,87397.1941,32.5098,20.3849,2.2473,316.5749,6098.6639,1.7612,0.9939,0.1616,6566.5459,0.946,0.494,0.1532
50,2021-08-20,362.0,307.018,87132.1957,35.3548,22.182,2.4448,320.1746,6220.8415,1.9621,1.109,0.1802,6698.9693,1.0541,0.5517,0.171
51,2021-08-21,362.0,310.5984,86866.3724,38.4425,24.1335,2.6592,324.0779,6342.9501,2.1847,1.2368,0.2009,6831.3528,1.1739,0.6159,0.1906
52,2021-08-22,364.0,314.5003,86599.6535,41.793,26.2525,2.8918,328.3138,6464.9829,2.4312,1.3788,0.2238,6963.6929,1.3066,0.6871,0.2124
53,2021-08-23,366.0,318.752,86331.9627,45.4279,28.5527,3.1444,332.9133,6586.9326,2.7041,1.5362,0.2491,7095.9855,1.4535,0.7661,0.2365
54,2021-08-24,367.0,323.384,86063.2173,49.3706,31.0494,3.4184,337.9104,6708.7909,3.0059,1.7107,0.2772,7228.2262,1.616,0.8536,0.2633
55,2021-08-25,367.0,328.4298,85793.3283,53.6464,33.7588,3.7156,343.3415,6830.5488,3.3397,1.9041,0.3083,7360.4101,1.7957,0.9505,0.2929
56,2021-08-26,376.0,333.9252,85522.1991,58.2825,36.6984,4.0381,349.246,6952.1965,3.7086,2.1182,0.3427,7492.5319,1.9943,1.0579,0.3256
57,2021-08-27,377.0,339.9096,85249.7254,63.3081,39.8873,4.3877,355.6667,7073.7229,4.1161,2.3552,0.3808,7624.5858,2.2138,1.1767,0.3618
58,2021-08-28,378.0,346.4253,84975.7948,68.7548,43.3459,4.7668,362.6499,7195.1162,4.5662,2.6174,0.4228,7756.5652,2.4563,1.3082,0.4018
59,2021-08-29,386.0,353.5183,84700.2857,74.6567,47.0963,5.1778,370.2457,7316.3633,5.063,2.9072,0.4693,7888.4631,2.7239,1.4536,0.446
60,2021-08-30,387.0,361.2386,84423.0669,81.0502,51.1621,5.6231,378.5084,7437.4497,5.6111,3.2276,0.5206,8020.2716,3.0192,1.6143,0.4949
61,2021-08-31,398.0,369.6403,84143.997,87.9748,55.5692,6.1057,387.4966,7558.3596,6.2156,3.5814,0.5772,8151.9824,3.345,1.7919,0.5488
62,2021-09-01,398.0,378.7819,83862.9231,95.4728,60.345,6.6285,397.2742,7679.0749,6.882,3.9721,0.6397,8283.5864,3.7042,1.988,0.6083
63,2021-09-02,402.0,391.0175,83638.0822,103.2128,63.5384,7.1415,407.9307,7605.642,7.5606,4.2702,0.7059,8551.0772,4.0927,2.1388,0.6718
64,2021-09-03,406.0,403.9751,83411.6461,111.0074,67.3115,7.6954,419.5494,7532.1039,8.2142,4.6121,0.7755,8818.4469,4.5113,2.3173,0.7417
65,2021-09-04,407.0,417.7604,83183.395,119.0451,71.5699,8.2802,432.1874,7458.4461,8.8606,4.9867,0.8467,9085.6803,4.9679,2.5229,0.8182
66,2021-09-05,440.0,432.4645,82953.1425,127.4506,76.2609,8.8938,445.903,7384.6566,9.5121,5.3873,0.9191,9352.7631,5.4687,2.7557,0.9018
67,2021-09-06,440.0,448.1708,82720.7195,136.3103,81.3583,9.5381,460.7572,7310.725,10.1771,5.8097,0.9926,9619.6809,6.0186,3.0169,0.9934
68,2021-09-07,445.0,464.9599,82485.9637,145.6889,86.8531,10.2163,476.815,7236.6417,10.8618,6.2518,1.0675,9886.4188,6.6223,3.308,1.0939
69,2021-09-08,449.0,482.9118,82248.7143,155.6384,92.7479,10.932,494.1457,7162.3975,11.5711,6.7127,1.1442,10152.9612,7.2842,3.6309,1.204
70,2021-09-09,461.0,502.1084,82008.8073,166.204,99.0526,11.6892,512.8236,7087.9833,12.3087,7.1925,1.2232,10419.2915,8.0087,3.9878,1.3248
71,2021-09-10,471.0,522.6341,81766.0734,177.4275,105.7824,12.4914,532.9284,7013.3899,13.078,7.6918,1.3048,10685.3921,8.8006,4.3811,1.4571
72,2021-09-11,472.0,544.5776,81520.3364,189.3496,112.9562,13.3423,554.5451,6938.6077,13.8817,8.2116,1.3894,10951.2441,9.6649,4.8134,1.6018
73,2021-09-12,473.0,568.0314,81271.4122,202.0108,120.5955,14.2453,577.7651,6863.6272,14.7224,8.7531,1.4774,11216.827,10.6068,5.2878,1.7599
74,2021-09-13,504.0,593.0935,81019.1078,215.4522,128.7241,15.2037,602.6854,6788.4383,15.6024,9.3178,1.5693,11482.1193,11.632,5.8072,1.9324
75,2021-09-14,505.0,619.8668,80763.2209,229.7161,137.3677,16.221,629.4098,6713.0307,16.524,9.9072,1.6651,11747.0973,12.7467,6.3751,2.1204
76,2021-09-15,505.0,648.4601,80503.5393,244.846,146.5535,17.3006,658.0486,6637.3938,17.4893,10.5228,1.7653,12011.7361,13.9575,6.995,2.3251
77,2021-09-16,533.0,678.988,80239.8405,260.8866,156.31,18.446,688.7193,6561.5168,18.5001,11.1662,1.8702,12276.0089,15.2712,7.6708,2.5477
78,2021-09-17,619.0,711.5716,79971.8915,277.8844,166.6672,19.6606,721.5463,6485.3884,19.5585,11.839,1.9799,12539.8867,16.6954,8.4065,2.7895
79,2021-09-18,701.0,746.3383,79699.4487,295.8872,177.6565,20.9483,756.6618,6408.9971,20.6663,12.5426,2.0947,12803.3389,18.2381,9.2066,3.0518
80,2021-09-19,703.0,783.4227,79422.2571,314.9439,189.3103,22.3126,794.2057,6332.331,21.8252,13.2786,2.2149,13066.3324,19.9076,10.0757,3.3363
81,2021-09-20,796.0,822.966,79140.0506,335.1051,201.6624,23.7575,834.3263,6255.378,23.037,14.0485,2.3406,13328.832,21.7129,11.0189,3.6444
82,2021-09-21,805.0,865.1173,78852.5517,356.4224,214.7477,25.2869,877.18,6178.1259,24.3033,14.8538,2.4721,13590.8003,23.6634,12.0415,3.9779
83,2021-09-22,845.0,910.0329,78559.4713,378.9486,228.602,26.9049,922.9322,6100.5621,25.6255,15.6957,2.6096,13852.1971,25.7693,13.1491,4.3386
84,2021-09-23,847.0,957.8771,78260.5089,402.7374,243.2623,28.6155,971.7572,6022.6738,27.0051,16.5757,2.7532,14112.9799,28.041,14.3479,4.7283
85,2021-09-24,848.0,1008.8225,77955.3523,427.843,258.7666,30.423,1023.839,5944.4482,28.4435,17.4951,2.9032,14373.1032,30.4896,15.644,5.149
86,2021-09-25,970.0,1063.0496,77643.6778,454.3206,275.1536,32.3318,1079.3709,5865.8721,29.9417,18.455,3.0597,14632.5188,33.1269,17.0444,5.6029
87,2021-09-26,1001.0,1120.7477,77325.1506,482.2252,292.4629,34.3461,1138.5563,5786.9325,31.5008,19.4566,3.2228,14891.1756,35.9651,18.5561,6.0921
88,2021-09-27,1172.0,1182.1148,76999.4247,511.6122,310.7344,36.4704,1201.609,5707.6164,33.1217,20.5009,3.3927,15149.0193,39.017,20.1866,6.6191
89,2021-09-28,1276.0,1247.3574,76666.1436,542.5363,330.009,38.709,1268.7533,5627.9105,34.805,21.589,3.5696,15405.9925,42.296,21.9439,7.1861
90,2021-09-29,1279.0,1316.6913,76324.9403,575.0519,350.3273,41.0665,1340.224,5547.8019,36.5513,22.7217,3.7534,15662.0345,45.816,23.8362,7.7959
91,2021-09-30,1388.0,1390.3413,75975.4388,609.2114,371.7304,43.5471,1416.2674,5467.2779,38.3606,23.8997,3.9443,15917.0812,49.5915,25.8723,8.4511
92,2021-10-01,1601.0,1468.0011,75724.1474,548.0792,386.6086,44.6122,1496.8689,5392.7778,34.381,24.6913,4.0167,16180.5874,44.9931,27.56,8.8278
93,2021-10-02,1625.0,1547.5306,75490.8381,498.9332,390.2738,43.7152,1581.0233,5389.2173,31.1661,24.8232,3.9245,16353.9276,41.3836,28.5079,8.7949
94,2021-10-03,1768.0,1627.0102,75257.8912,458.3639,386.2517,41.8533,1667.6695,5385.6821,28.5212,24.4948,3.7499,16527.2084,38.4604,28.874,8.5492
95,2021-10-04,1855.0,1705.1424,75026.1947,424.0145,377.1004,39.5833,1755.9318,5382.2139,26.2947,23.8563,3.5403,16700.5288,36.024,28.8005,8.2035
96,2021-10-05,1872.0,1781.0766,74796.3042,394.2581,364.6521,37.2059,1845.0818,5378.8466,24.38,23.0183,3.3217,16873.9438,33.9366,28.4064,7.8204
97,2021-10-06,1875.0,1854.2795,74568.5461,367.9688,350.2033,34.8746,1934.5097,5375.6007,22.7024,22.0607,3.1078,17047.4887,32.1031,27.7867,7.4332
98,2021-10-07,1876.0,1924.4409,74343.0923,344.3639,334.6607,32.6605,2023.7034,5372.487,21.2091,21.0403,2.9052,17221.1854,30.4578,27.0145,7.0584
99,2021-10-08,1985.0,1991.4048,74120.0116,322.8956,318.65,30.5907,2112.2321,5369.5106,19.8622,19.9965,2.7163,17395.0463,28.9555,26.1445,6.703
100,2021-10-09,2054.0,2055.1212,73899.305,303.1763,302.5967,28.6689,2199.7345,5366.6721,18.6347,18.9565,2.5417,17569.077,27.5652,25.217,6.3692
101,2021-10-10,2103.0,2115.6109,73680.9296,284.9284,286.7843,26.8882,2285.9079,5363.9696,17.5065,17.9379,2.3807,17743.2793,26.265,24.2611,6.0564
102,2021-10-11,2107.0,2172.9419,73464.8151,267.949,271.3972,25.2374,2370.5011,5361.3994,16.4632,16.9523,2.2323,17917.6518,25.0401,23.2972,5.7632
103,2021-10-12,2265.0,2227.2115,73250.8746,252.0867,256.5501,23.7041,2453.3068,5358.957,15.4934,16.0064,2.0952,18092.191,23.8797,22.3396,5.4876
104,2021-10-13,2268.0,2278.5356,73039.0127,237.2259,242.3099,22.2768,2534.1565,5356.6369,14.5887,15.1039,1.9683,18266.8924,22.7764,21.3979,5.2279
105,2021-10-14,2271.0,2327.0396,72829.1296,223.2751,228.7108,20.945,2612.9153,5354.4336,13.7423,14.2464,1.8505,18441.7507,21.7245,20.4785,4.9823
106,2021-10-15,2272.0,2372.8536,72621.125,210.1603,215.7647,19.6996,2689.4776,5352.3416,12.9487,13.434,1.7408,18616.7602,20.72,19.5856,4.7495
107,2021-10-16,2347.0,2416.1084,72414.8998,197.8195,203.4686,18.5329,2763.7636,5350.3552,12.2035,12.6658,1.6385,18791.9148,19.7598,18.7214,4.5281
108,2021-10-17,2407.0,2456.9332,72210.3578,186.1996,191.8097,17.4382,2835.7162,5348.4688,11.5027,11.9403,1.5428,18967.2086,18.8412,17.8873,4.3174
109,2021-10-18,2422.0,2495.4537,72007.406,175.2541,180.7693,16.4099,2905.2976,5346.6773,10.8433,11.2558,1.4532,19142.6354,17.9622,17.0839,4.1164
110,2021-10-19,,2531.7919,71805.9555,164.9411,170.3246,15.443,2972.4871,5344.9756,10.2222,10.6103,1.3692,19318.1894,17.121,16.3111,3.9245
111,2021-10-20,,2566.0642,71605.9216,155.2228,160.451,14.5333,3037.2782,5343.3586,9.637,10.0017,1.2902,19493.8647,16.316,15.5685,3.7412
112,2021-10-21,,2595.8179,71407.087,146.1917,153.2174,13.7209,3099.6543,5341.8133,9.0933,9.5586,1.2176,19669.64,15.5603,15.0604,3.5708
113,2021-10-22,,2624.2232,71209.2855,137.8689,145.9907,12.9471,3159.6217,5340.3294,8.5926,9.1163,1.1493,19845.4991,14.8593,14.5338,3.4082
114,2021-10-23,,2651.2912,71012.5003,130.1417,138.8759,12.2167,3217.2265,5338.9062,8.1277,8.6813,1.0854,20021.4425,14.2025,13.9998,3.2539
115,2021-10-24,,2677.0487,70816.7036,122.9272,131.9432,11.5303,3272.5204,5337.5423,7.6935,8.2577,1.0257,20197.4697,13.5824,13.4667,3.108
116,2021-10-25,,2701.5334,70621.8611,116.1636,125.2376,10.8861,3325.5596,5336.2357,7.2861,7.8483,0.9698,20373.5791,12.9938,12.9401,2.97
117,2021-10-26,,2724.7896,70427.9348,109.8036,118.786,10.2814,3376.4032,5334.9843,6.9026,7.4546,0.9175,20549.7685,12.4329,12.4239,2.8392
118,2021-10-27,,2746.8652,70234.8848,103.8102,112.6028,9.7132,3425.1129,5333.7859,6.5407,7.0773,0.8684,20726.0354,11.8971,11.9206,2.715
119,2021-10-28,,2767.8103,70042.6706,98.1536,106.6937,9.1787,3471.7516,5332.6382,6.1986,6.7169,0.8222,20902.3771,11.3842,11.4319,2.5967
120,2021-10-29,,2787.6753,69851.252,92.809,101.0586,8.6752,3516.3835,5331.5387,5.8748,6.3731,0.7787,21078.7908,10.8926,10.9588,2.484
121,2021-10-30,,2806.5102,69660.5898,87.7556,95.6932,8.2005,3559.0733,5330.4853,5.568,6.0457,0.7377,21255.2734,10.4212,10.5016,2.3762
122,2021-10-31,,2824.3641,69470.6458,82.9749,90.5906,7.7524,3599.8857,5329.4757,5.2773,5.7342,0.6989,21431.8223,9.9688,10.0606,2.2732
123,2021-11-01,,2841.2845,69281.3834,78.4508,85.7424,7.3292,3638.8853,5328.5077,5.0016,5.438,0.6623,21608.4344,9.5347,9.6356,2.1746
124,2021-11-02,,2857.3174,69092.7672,74.1686,81.1391,6.9292,3676.1361,5327.5793,4.7401,5.1566,0.6276,21785.107,9.118,9.2264,2.08
125,2021-11-03,,2872.5069,68904.7637,70.115,76.7707,6.5509,3711.7015,5326.6885,4.492,4.8892,0.5947,21961.8374,8.718,8.8326,1.9894
126,2021-11-04,,2886.8955,68717.3408,66.2774,72.6269,6.193,3745.6442,5325.8334,4.2566,4.6353,0.5636,22138.6229,8.3342,8.454,1.9025
127,2021-11-05,,2900.5237,68530.4679,62.6445,68.6976,5.8544,3778.0254,5325.0121,4.0332,4.3942,0.534,22315.461,7.9659,8.0899,1.8191
128,2021-11-06,,2913.4299,68344.1159,59.2052,64.9726,5.534,3808.9056,5324.223,3.8213,4.1653,0.506,22492.349,7.6125,7.7401,1.7391
129,2021-11-07,,2925.6512,68158.2574,55.9496,61.4423,5.2307,3838.3437,5323.4643,3.6202,3.948,0.4795,22669.2848,7.2736,7.404,1.6624
130,2021-11-08,,2937.2225,67972.8661,52.868,58.0972,4.9437,3866.3972,5322.7346,3.4294,3.7417,0.4543,22846.2658,6.9486,7.0812,1.5888
131,2021-11-09,,2948.1773,67787.9172,49.9513,54.928,4.672,3893.1224,5322.0324,3.2483,3.5459,0.4304,23023.29,6.6369,6.7713,1.5182
132,2021-11-10,,2958.5474,67603.3872,47.1909,51.9261,4.4148,3918.5738,5321.3561,3.0766,3.3601,0.4077,23200.3551,6.3382,6.4738,1.4506
133,2021-11-11,,2968.363,67419.2536,44.5786,49.0829,4.1714,3942.8045,5320.7046,2.9136,3.1838,0.3862,23377.4592,6.0519,6.1883,1.3857
134,2021-11-12,,2977.6528,67235.4955,42.1069,46.3906,3.9411,3965.8661,5320.0764,2.7591,3.0165,0.3658,23554.6001,5.7776,5.9143,1.3234
135,2021-11-13,,2986.444,67052.0926,39.7683,43.8414,3.7232,3987.8085,5319.4704,2.6125,2.8577,0.3465,23731.776,5.5148,5.6515,1.2638
136,2021-11-14,,2994.7628,66869.026,37.5559,41.428,3.5169,4008.6799,5318.8854,2.4735,2.707,0.3281,23908.9852,5.2632,5.3995,1.2067
137,2021-11-15,,3002.6336,66686.2778,35.4631,39.1435,3.3218,4028.5271,5318.3203,2.3416,2.5641,0.3107,24086.2257,5.0222,5.1578,1.1519
138,2021-11-16,,3010.0799,66503.8308,33.4836,36.9812,3.1371,4047.3952,5317.7741,2.2166,2.4285,0.2942,24263.4959,4.7915,4.9261,1.0995
139,2021-11-17,,3017.1238,66321.669,31.6114,34.9349,2.9625,4065.3276,5317.2459,2.0981,2.2999,0.2785,24440.7942,4.5706,4.7041,1.0493
140,2021-11-18,,3023.7866,66139.7771,29.8411,32.9984,2.7973,4082.3664,5316.7345,1.9857,2.1779,0.2637,24618.1191,4.3593,4.4913,1.0012
141,2021-11-19,,3030.0883,65958.1405,28.1671,31.1662,2.6411,4098.5518,5316.2393,1.8792,2.0622,0.2496,24795.469,4.1571,4.2874,0.9551
142,2021-11-20,,3036.0477,65776.7457,26.5844,29.4328,2.4933,4113.9229,5315.7592,1.7782,1.9525,0.2362,24972.8425,3.9637,4.0922,0.9111
143,2021-11-21,,3041.6831,65595.5796,25.0881,27.793,2.3536,4128.5168,5315.2936,1.6825,1.8485,0.2236,25150.2383,3.7787,3.9052,0.8689
144,2021-11-22,,3047.0115,65414.63,23.6738,26.242,2.2214,4142.3697,5314.8416,1.5918,1.7498,0.2116,25327.6549,3.6018,3.7262,0.8286
145,2021-11-23,,3052.0491,65233.8853,22.337,24.7751,2.0965,4155.5159,5314.4025,1.5059,1.6563,0.2002,25505.0912,3.4327,3.5548,0.79
146,2021-11-24,,3056.8115,65053.3345,21.0736,23.3879,1.9785,4167.9886,5313.9757,1.4245,1.5676,0.1894,25682.5459,3.271,3.3908,0.7531
147,2021-11-25,,3061.3131,64872.9672,19.8797,22.0762,1.8669,4179.8195,5313.5605,1.3473,1.4835,0.1792,25860.018,3.1165,3.2338,0.7178
148,2021-11-26,,3065.5679,64692.7736,18.7516,20.836,1.7614,4191.039,5313.1562,1.2742,1.4038,0.1695,26037.5061,2.9689,3.0836,0.6841
149,2021-11-27,,3069.5891,64512.7444,17.6858,19.6635,1.6617,4201.6764,5312.7624,1.205,1.3283,0.1604,26215.0094,2.8278,2.94,0.6518
150,2021-11-28,,3073.3891,64332.8707,16.679,18.5552,1.5675,4211.7594,5312.3784,1.1394,1.2567,0.1517,26392.5267,2.6931,2.8026,0.621
151,2021-11-29,,3076.9797,64153.1444,15.7279,17.5076,1.4785,4221.3149,5312.0037,1.0773,1.1889,0.1434,26570.0572,2.5644,2.6713,0.5916
152,2021-11-30,,3080.3722,63973.5575,14.8296,16.5176,1.3944,4230.3683,5311.6378,1.0185,1.1246,0.1356,26747.5998,2.4415,2.5457,0.5635
153,2021-12-01,,3083.5772,63794.1025,13.9813,15.582,1.315,4238.9442,5311.2802,0.9628,1.0637,0.1283,26925.1536,2.3242,2.4257,0.5366
154,2021-12-02,,3086.6048,63614.7725,13.1802,14.698,1.2399,4247.0659,5310.9306,0.9101,1.006,0.1213,27102.7179,2.2122,2.311,0.5109
155,2021-12-03,,3089.4646,63435.5609,12.4237,13.8628,1.1691,4254.7556,5310.5884,0.8602,0.9514,0.1146,27280.2918,2.1053,2.2014,0.4864
156,2021-12-04,,3092.1655,63256.4612,11.7096,13.0738,1.1022,4262.0348,5310.2533,0.8129,0.8997,0.1084,27457.8745,2.0033,2.0967,0.463
157,2021-12-05,,3094.7163,63077.4677,11.0354,12.3284,1.039,4268.9238,5309.9248,0.7682,0.8506,0.1024,27635.4652,1.906,1.9967,0.4407
158,2021-12-06,,3097.1249,62898.5747,10.399,11.6244,0.9793,4275.4419,5309.6027,0.7259,0.8042,0.0968,27813.0633,1.8131,1.9012,0.4194
159,2021-12-07,,3099.3992,62719.7769,9.7984,10.9596,0.923,4281.6077,5309.2866,0.6858,0.7603,0.0915,27990.6681,1.7246,1.81,0.3991
160,2021-12-08,,3101.5464,62541.0692,9.2315,10.3318,0.8698,4287.4389,5308.9761,0.6479,0.7186,0.0865,28168.2789,1.6401,1.723,0.3797
161,2021-12-09,,3103.5734,62362.447,8.6966,9.739,0.8196,4292.9523,5308.671,0.612,0.6792,0.0817,28345.895,1.5596,1.6399,0.3612
162,2021-12-10,,3105.4868,62183.9059,8.1919,9.1793,0.7722,4298.1639,5308.3709,0.5781,0.6419,0.0772,28523.5159,1.4828,1.5606,0.3435
163,2021-12-11,,3107.2928,62005.4415,7.7157,8.6509,0.7275,4303.0892,5308.0756,0.546,0.6066,0.0729,28701.1411,1.4097,1.4849,0.3267
164,2021-12-12,,3108.9973,61827.0498,7.2665,8.1521,0.6854,4307.7425,5307.7849,0.5156,0.5732,0.0689,28878.7699,1.3399,1.4127,0.3106
165,2021-12-13,,3110.6058,61648.7273,6.8427,7.6814,0.6456,4312.1379,5307.4984,0.4869,0.5416,0.0651,29056.4018,1.2734,1.3438,0.2953
166,2021-12-14,,3112.1236,61470.4702,6.4431,7.2371,0.608,4316.2885,5307.216,0.4597,0.5117,0.0614,29234.0364,1.2101,1.2781,0.2807
167,2021-12-15,,3113.5556,61292.2752,6.0662,6.8179,0.5726,4320.2069,5306.9373,0.434,0.4834,0.058,29411.6732,1.1498,1.2155,0.2668
168,2021-12-16,,3114.9066,61114.1391,5.7108,6.4223,0.5392,4323.9051,5306.6623,0.4098,0.4566,0.0548,29589.3116,1.0923,1.1558,0.2536
169,2021-12-17,,3116.1811,60936.0591,5.3756,6.049,0.5077,4327.3944,5306.3907,0.3868,0.4312,0.0517,29766.9514,1.0376,1.0988,0.241
170,2021-12-18,,3117.3833,60758.0322,5.0597,5.697,0.478,4330.6856,5306.1224,0.3651,0.4073,0.0488,29944.5921,0.9855,1.0445,0.229
171,2021-12-19,,3118.5171,60580.0557,4.7618,5.3648,0.4499,4333.7891,5305.857,0.3446,0.3846,0.0461,30122.2332,0.9359,0.9928,0.2175
172,2021-12-20,,3119.5865,60402.1273,4.4811,5.0516,0.4235,4336.7147,5305.5946,0.3252,0.3631,0.0435,30299.8744,0.8886,0.9435,0.2066
173,2021-12-21,,3120.5948,60224.2444,4.2165,4.7562,0.3986,4339.4716,5305.3348,0.3068,0.3429,0.0411,30477.5154,0.8437,0.8966,0.1962
174,2021-12-22,,3121.5456,60046.4049,3.9671,4.4776,0.3751,4342.0687,5305.0777,0.2895,0.3237,0.0388,30655.1558,0.8009,0.8518,0.1863
175,2021-12-23,,3122.4421,59868.6066,3.7321,4.2149,0.353,4344.5144,5304.8229,0.2731,0.3055,0.0366,30832.7953,0.7602,0.8092,0.1769
176,2021-12-24,,3123.2872,59690.8476,3.5106,3.9672,0.3321,4346.8166,5304.5705,0.2577,0.2884,0.0345,31010.4335,0.7214,0.7687,0.168
177,2021-12-25,,3124.0838,59513.126,3.302,3.7337,0.3125,4348.983,5304.3202,0.243,0.2722,0.0326,31188.0703,0.6846,0.73,0.1594
178,2021-12-26,,3124.8347,59335.4401,3.1055,3.5137,0.294,4351.0207,5304.072,0.2292,0.2569,0.0307,31365.7052,0.6495,0.6932,0.1513
179,2021-12-27,,3125.5424,59157.788,2.9204,3.3062,0.2765,4352.9366,5303.8257,0.2162,0.2424,0.029,31543.338,0.6162,0.6582,0.1436
