Unnamed: 0,regionpsgc,provincepsgc,municipalitycitypsgc,linelist_date,active_cases
0,010000000,013300000,013309000,2020-03-26,2
1,010000000,013300000,013309000,2020-03-27,2
2,010000000,013300000,013309000,2020-03-28,2
3,010000000,013300000,013309000,2020-03-29,2
4,010000000,013300000,013309000,2020-03-30,2
5,010000000,013300000,NDA,2020-03-31,2
6,010000000,015500000,015511000,2020-03-30,1
7,010000000,015500000,NDA,2020-03-30,1
8,010000000,015500000,NDA,2020-03-31,2
9,020000000,021500000,021513000,2020-03-26,1
10,020000000,021500000,021513000,2020-03-27,1
11,020000000,021500000,021513000,2020-03-28,1
12,020000000,021500000,021513000,2020-03-29,1
13,020000000,021500000,021513000,2020-03-30,1
14,020000000,021500000,021528000,2020-03-26,1
15,020000000,021500000,021528000,2020-03-27,1
16,020000000,021500000,021528000,2020-03-28,1
17,020000000,021500000,021528000,2020-03-29,1
18,020000000,021500000,021528000,2020-03-30,1
19,020000000,021500000,021529000,2020-03-26,1
20,020000000,021500000,021529000,2020-03-27,4
21,020000000,021500000,021529000,2020-03-28,4
22,020000000,021500000,021529000,2020-03-29,6
23,020000000,021500000,021529000,2020-03-30,6
24,020000000,021500000,NDA,2020-03-31,8
25,020000000,023100000,023101000,2020-03-27,3
26,020000000,023100000,023101000,2020-03-28,3
27,020000000,023100000,023101000,2020-03-29,3
28,020000000,023100000,023101000,2020-03-30,3
29,020000000,023100000,023112000,2020-03-27,1
30,020000000,023100000,023112000,2020-03-28,1
31,020000000,023100000,023112000,2020-03-29,1
32,020000000,023100000,023112000,2020-03-30,1
33,020000000,023100000,NDA,2020-03-31,4
34,020000000,025000000,025005000,2020-03-30,1
35,020000000,025000000,025013000,2020-03-27,1
36,020000000,025000000,025013000,2020-03-28,1
37,020000000,025000000,025013000,2020-03-29,2
38,020000000,025000000,025013000,2020-03-30,1
39,020000000,025000000,025015000,2020-03-30,1
40,020000000,025000000,NDA,2020-03-31,3
41,030000000,030800000,030806000,2020-03-26,1
42,030000000,030800000,030806000,2020-03-27,1
43,030000000,030800000,030806000,2020-03-28,1
44,030000000,030800000,030806000,2020-03-29,1
45,030000000,030800000,030806000,2020-03-30,1
46,030000000,030800000,030809000,2020-03-26,1
47,030000000,030800000,030809000,2020-03-27,1
48,030000000,030800000,030809000,2020-03-28,1
49,030000000,030800000,030809000,2020-03-29,1
50,030000000,030800000,030809000,2020-03-30,1
51,030000000,030800000,NDA,2020-03-31,2
52,030000000,031400000,031403000,2020-03-26,1
53,030000000,031400000,031403000,2020-03-27,1
54,030000000,031400000,031403000,2020-03-28,1
55,030000000,031400000,031403000,2020-03-29,1
56,030000000,031400000,031403000,2020-03-30,1
57,030000000,031400000,031405000,2020-03-26,1
58,030000000,031400000,031405000,2020-03-27,1
59,030000000,031400000,031405000,2020-03-28,3
60,030000000,031400000,031405000,2020-03-29,3
61,030000000,031400000,031405000,2020-03-30,3
62,030000000,031400000,031408000,2020-03-26,1
63,030000000,031400000,031408000,2020-03-27,1
64,030000000,031400000,031408000,2020-03-28,1
65,030000000,031400000,031408000,2020-03-29,1
66,030000000,031400000,031408000,2020-03-30,1
67,030000000,031400000,031410000,2020-03-26,1
68,030000000,031400000,031410000,2020-03-27,1
69,030000000,031400000,031410000,2020-03-28,1
70,030000000,031400000,031410000,2020-03-29,1
71,030000000,031400000,031410000,2020-03-30,3
72,030000000,031400000,031412000,2020-03-26,1
73,030000000,031400000,031412000,2020-03-27,1
74,030000000,031400000,031412000,2020-03-28,1
75,030000000,031400000,031412000,2020-03-29,1
76,030000000,031400000,031412000,2020-03-30,1
77,030000000,031400000,031419000,2020-03-26,2
78,030000000,031400000,031419000,2020-03-27,2
79,030000000,031400000,031419000,2020-03-28,2
80,030000000,031400000,031419000,2020-03-29,2
81,030000000,031400000,031419000,2020-03-30,2
82,030000000,031400000,031420000,2020-03-26,2
83,030000000,031400000,031420000,2020-03-27,2
84,030000000,031400000,031420000,2020-03-28,2
85,030000000,031400000,031420000,2020-03-29,2
86,030000000,031400000,031420000,2020-03-30,2
87,030000000,031400000,031421000,2020-03-30,1
88,030000000,031400000,NDA,2020-03-31,18
89,030000000,034900000,034903000,2020-03-26,1
90,030000000,034900000,034903000,2020-03-27,1
91,030000000,034900000,034903000,2020-03-28,1
92,030000000,034900000,034903000,2020-03-29,1
93,030000000,034900000,034903000,2020-03-30,1
94,030000000,034900000,034908000,2020-03-28,2
95,030000000,034900000,034908000,2020-03-29,2
96,030000000,034900000,034908000,2020-03-30,2
97,030000000,034900000,034925000,2020-03-26,1
98,030000000,034900000,034925000,2020-03-27,1
99,030000000,034900000,034925000,2020-03-28,1
100,030000000,034900000,034925000,2020-03-29,1
101,030000000,034900000,034925000,2020-03-30,1
102,030000000,034900000,NDA,2020-03-31,9
103,030000000,035400000,035406000,2020-03-26,1
104,030000000,035400000,035406000,2020-03-27,1
105,030000000,035400000,035406000,2020-03-28,1
106,030000000,035400000,035406000,2020-03-29,1
107,030000000,035400000,035406000,2020-03-30,1
108,030000000,035400000,035415000,2020-03-26,1
109,030000000,035400000,035415000,2020-03-27,1
110,030000000,035400000,035415000,2020-03-28,1
111,030000000,035400000,035415000,2020-03-29,1
112,030000000,035400000,035415000,2020-03-30,1
113,030000000,035400000,035416000,2020-03-26,1
114,030000000,035400000,035416000,2020-03-27,1
115,030000000,035400000,035416000,2020-03-28,1
116,030000000,035400000,035416000,2020-03-29,1
117,030000000,035400000,035416000,2020-03-30,1
118,030000000,035400000,NDA,2020-03-31,2
119,030000000,036900000,036916000,2020-03-26,1
120,030000000,036900000,036916000,2020-03-27,1
121,030000000,036900000,036916000,2020-03-28,1
122,030000000,036900000,036916000,2020-03-29,1
123,030000000,036900000,036916000,2020-03-30,1
124,030000000,036900000,NDA,2020-03-31,2
125,030000000,037100000,037107000,2020-03-30,1
126,030000000,037100000,NDA,2020-03-31,3
127,030000000,NDA,NDA,2020-03-30,1
128,030000000,NDA,NDA,2020-03-31,3
129,040000000,041000000,041005000,2020-03-26,6
130,040000000,041000000,041005000,2020-03-27,6
131,040000000,041000000,041005000,2020-03-28,6
132,040000000,041000000,041005000,2020-03-29,6
133,040000000,041000000,041005000,2020-03-30,7
134,040000000,041000000,041012000,2020-03-26,1
135,040000000,041000000,041012000,2020-03-27,1
136,040000000,041000000,041012000,2020-03-28,1
137,040000000,041000000,041012000,2020-03-29,1
138,040000000,041000000,041012000,2020-03-30,1
139,040000000,041000000,041014000,2020-03-26,1
140,040000000,041000000,041014000,2020-03-27,1
141,040000000,041000000,041014000,2020-03-28,1
142,040000000,041000000,041014000,2020-03-29,1
143,040000000,041000000,041014000,2020-03-30,1
144,040000000,041000000,041019000,2020-03-30,1
145,040000000,041000000,041031000,2020-03-26,1
146,040000000,041000000,041031000,2020-03-27,1
147,040000000,041000000,041031000,2020-03-28,1
148,040000000,041000000,041031000,2020-03-29,1
149,040000000,041000000,041031000,2020-03-30,1
150,040000000,041000000,NDA,2020-03-30,1
151,040000000,041000000,NDA,2020-03-31,11
152,040000000,042100000,042103000,2020-03-26,4
153,040000000,042100000,042103000,2020-03-27,4
154,040000000,042100000,042103000,2020-03-28,5
155,040000000,042100000,042103000,2020-03-29,5
156,040000000,042100000,042103000,2020-03-30,8
157,040000000,042100000,042104000,2020-03-30,1
158,040000000,042100000,042106000,2020-03-26,2
159,040000000,042100000,042106000,2020-03-27,2
160,040000000,042100000,042106000,2020-03-28,2
161,040000000,042100000,042106000,2020-03-29,2
162,040000000,042100000,042106000,2020-03-30,4
163,040000000,042100000,042108000,2020-03-26,1
164,040000000,042100000,042108000,2020-03-27,1
165,040000000,042100000,042108000,2020-03-28,1
166,040000000,042100000,042108000,2020-03-29,1
167,040000000,042100000,042108000,2020-03-30,2
168,040000000,042100000,042109000,2020-03-26,1
169,040000000,042100000,042109000,2020-03-27,1
170,040000000,042100000,042109000,2020-03-28,1
171,040000000,042100000,042109000,2020-03-29,1
172,040000000,042100000,042109000,2020-03-30,1
173,040000000,042100000,042115000,2020-03-26,2
174,040000000,042100000,042115000,2020-03-27,2
175,040000000,042100000,042115000,2020-03-28,2
176,040000000,042100000,042115000,2020-03-29,2
177,040000000,042100000,042115000,2020-03-30,2
178,040000000,042100000,042117000,2020-03-26,1
179,040000000,042100000,042117000,2020-03-27,1
180,040000000,042100000,042117000,2020-03-28,1
181,040000000,042100000,042117000,2020-03-29,1
182,040000000,042100000,042117000,2020-03-30,1
183,040000000,042100000,042118000,2020-03-26,1
184,040000000,042100000,042118000,2020-03-27,1
185,040000000,042100000,042118000,2020-03-28,1
186,040000000,042100000,042118000,2020-03-29,1
187,040000000,042100000,042118000,2020-03-30,1
188,040000000,042100000,042120000,2020-03-26,1
189,040000000,042100000,042120000,2020-03-27,1
190,040000000,042100000,042120000,2020-03-28,1
191,040000000,042100000,042120000,2020-03-29,1
192,040000000,042100000,042120000,2020-03-30,1
193,040000000,042100000,NDA,2020-03-26,1
194,040000000,042100000,NDA,2020-03-27,1
195,040000000,042100000,NDA,2020-03-28,1
196,040000000,042100000,NDA,2020-03-29,1
197,040000000,042100000,NDA,2020-03-30,1
198,040000000,042100000,NDA,2020-03-31,28
199,040000000,043400000,043403000,2020-03-26,3
200,040000000,043400000,043403000,2020-03-27,3
201,040000000,043400000,043403000,2020-03-28,3
202,040000000,043400000,043403000,2020-03-29,3
203,040000000,043400000,043403000,2020-03-30,4
204,040000000,043400000,043404000,2020-03-26,2
205,040000000,043400000,043404000,2020-03-27,2
206,040000000,043400000,043404000,2020-03-28,2
207,040000000,043400000,043404000,2020-03-29,2
208,040000000,043400000,043404000,2020-03-30,2
209,040000000,043400000,043405000,2020-03-26,1
210,040000000,043400000,043405000,2020-03-27,1
211,040000000,043400000,043405000,2020-03-28,1
212,040000000,043400000,043405000,2020-03-29,1
213,040000000,043400000,043405000,2020-03-30,1
214,040000000,043400000,043413000,2020-03-26,1
215,040000000,043400000,043413000,2020-03-27,1
216,040000000,043400000,043413000,2020-03-28,1
217,040000000,043400000,043413000,2020-03-29,1
218,040000000,043400000,043413000,2020-03-30,1
219,040000000,043400000,043425000,2020-03-26,1
220,040000000,043400000,043425000,2020-03-27,1
221,040000000,043400000,043425000,2020-03-28,1
222,040000000,043400000,043425000,2020-03-29,1
223,040000000,043400000,043425000,2020-03-30,2
224,040000000,043400000,043428000,2020-03-26,3
225,040000000,043400000,043428000,2020-03-27,3
226,040000000,043400000,043428000,2020-03-28,3
227,040000000,043400000,043428000,2020-03-29,3
228,040000000,043400000,043428000,2020-03-30,4
229,040000000,043400000,NDA,2020-03-27,3
230,040000000,043400000,NDA,2020-03-31,18
231,040000000,045600000,045624000,2020-03-26,2
232,040000000,045600000,045624000,2020-03-27,2
233,040000000,045600000,045624000,2020-03-28,2
234,040000000,045600000,045624000,2020-03-29,2
235,040000000,045600000,045624000,2020-03-30,2
236,040000000,045600000,045645000,2020-03-26,1
237,040000000,045600000,045645000,2020-03-27,1
238,040000000,045600000,045645000,2020-03-28,1
239,040000000,045600000,045645000,2020-03-29,1
240,040000000,045600000,045645000,2020-03-30,1
241,040000000,045600000,NDA,2020-03-31,3
242,040000000,045800000,045802000,2020-03-26,6
243,040000000,045800000,045802000,2020-03-27,9
244,040000000,045800000,045802000,2020-03-28,9
245,040000000,045800000,045802000,2020-03-29,9
246,040000000,045800000,045802000,2020-03-30,15
247,040000000,045800000,045804000,2020-03-26,1
248,040000000,045800000,045804000,2020-03-27,1
249,040000000,045800000,045804000,2020-03-28,1
250,040000000,045800000,045804000,2020-03-29,1
251,040000000,045800000,045804000,2020-03-30,1
252,040000000,045800000,045805000,2020-03-26,13
253,040000000,045800000,045805000,2020-03-27,14
254,040000000,045800000,045805000,2020-03-28,14
255,040000000,045800000,045805000,2020-03-29,14
256,040000000,045800000,045805000,2020-03-30,24
257,040000000,045800000,045807000,2020-03-26,1
258,040000000,045800000,045807000,2020-03-27,1
259,040000000,045800000,045807000,2020-03-28,1
260,040000000,045800000,045807000,2020-03-29,1
261,040000000,045800000,045807000,2020-03-30,1
262,040000000,045800000,045808000,2020-03-26,1
263,040000000,045800000,045808000,2020-03-27,1
264,040000000,045800000,045808000,2020-03-28,1
265,040000000,045800000,045808000,2020-03-29,1
266,040000000,045800000,045808000,2020-03-30,2
267,040000000,045800000,045811000,2020-03-26,1
268,040000000,045800000,045811000,2020-03-27,1
269,040000000,045800000,045811000,2020-03-28,2
270,040000000,045800000,045811000,2020-03-29,2
271,040000000,045800000,045811000,2020-03-30,3
272,040000000,045800000,045813000,2020-03-26,3
273,040000000,045800000,045813000,2020-03-27,3
274,040000000,045800000,045813000,2020-03-28,3
275,040000000,045800000,045813000,2020-03-29,3
276,040000000,045800000,045813000,2020-03-30,4
277,040000000,045800000,NDA,2020-03-31,60
278,040000000,NDA,NDA,2020-03-30,9
279,040000000,NDA,NDA,2020-03-31,9
280,050000000,051700000,051718000,2020-03-26,1
281,050000000,051700000,051718000,2020-03-27,1
282,050000000,051700000,051718000,2020-03-28,1
283,050000000,051700000,051718000,2020-03-29,1
284,050000000,051700000,051718000,2020-03-30,1
285,060000000,060400000,060407000,2020-03-29,1
286,060000000,060400000,060407000,2020-03-30,1
287,060000000,060400000,060409000,2020-03-29,1
288,060000000,060400000,060412000,2020-03-29,1
289,060000000,060400000,060412000,2020-03-30,1
290,060000000,060400000,NDA,2020-03-31,2
291,060000000,061900000,061906000,2020-03-29,1
292,060000000,061900000,061906000,2020-03-30,1
293,060000000,061900000,061914000,2020-03-26,1
294,060000000,061900000,061914000,2020-03-27,1
295,060000000,061900000,061914000,2020-03-28,1
296,060000000,061900000,NDA,2020-03-31,1
297,060000000,063000000,042104000,2020-03-29,2
298,060000000,063000000,063007000,2020-03-26,1
299,060000000,063000000,063007000,2020-03-27,1
300,060000000,063000000,063007000,2020-03-28,1
301,060000000,063000000,063007000,2020-03-29,1
302,060000000,063000000,063007000,2020-03-30,1
303,060000000,063000000,063020000,2020-03-26,1
304,060000000,063000000,063020000,2020-03-27,1
305,060000000,063000000,063020000,2020-03-28,1
306,060000000,063000000,063020000,2020-03-29,1
307,060000000,063000000,063020000,2020-03-30,1
308,060000000,063000000,063022000,2020-03-26,1
309,060000000,063000000,063022000,2020-03-27,1
310,060000000,063000000,063022000,2020-03-28,1
311,060000000,063000000,063022000,2020-03-29,2
312,060000000,063000000,063022000,2020-03-30,2
313,060000000,063000000,063025000,2020-03-28,1
314,060000000,063000000,063025000,2020-03-29,1
315,060000000,063000000,063025000,2020-03-30,1
316,060000000,063000000,063030000,2020-03-29,1
317,060000000,063000000,063030000,2020-03-30,1
318,060000000,063000000,NDA,2020-03-31,5
319,060000000,064500000,064501000,2020-03-26,1
320,060000000,064500000,064501000,2020-03-27,1
321,060000000,064500000,064501000,2020-03-28,1
322,060000000,064500000,064501000,2020-03-29,5
323,060000000,064500000,064501000,2020-03-30,5
324,060000000,064500000,064507000,2020-03-27,1
325,060000000,064500000,064507000,2020-03-28,1
326,060000000,064500000,064507000,2020-03-29,1
327,060000000,064500000,064507000,2020-03-30,1
328,060000000,064500000,064508000,2020-03-29,1
329,060000000,064500000,064508000,2020-03-30,1
330,060000000,064500000,NDA,2020-03-31,7
331,070000000,071200000,071233000,2020-03-27,1
332,070000000,071200000,071233000,2020-03-28,1
333,070000000,071200000,071233000,2020-03-29,1
334,070000000,071200000,071233000,2020-03-30,1
335,070000000,071200000,071242000,2020-03-26,1
336,070000000,071200000,071242000,2020-03-27,1
337,070000000,072200000,072217000,2020-03-26,1
338,070000000,072200000,072217000,2020-03-27,1
339,070000000,072200000,072217000,2020-03-28,1
340,070000000,072200000,072217000,2020-03-29,1
341,070000000,072200000,072217000,2020-03-30,18
342,070000000,072200000,072220000,2020-03-30,1
343,070000000,072200000,072226000,2020-03-30,2
344,070000000,072200000,072230000,2020-03-30,1
345,070000000,072200000,NDA,2020-03-31,24
346,070000000,074600000,074604000,2020-03-26,1
347,070000000,074600000,074604000,2020-03-27,1
348,070000000,074600000,074604000,2020-03-28,1
349,070000000,074600000,074604000,2020-03-29,1
350,070000000,074600000,074604000,2020-03-30,1
351,070000000,074600000,074610000,2020-03-26,3
352,070000000,074600000,074610000,2020-03-27,2
353,070000000,074600000,074610000,2020-03-28,2
354,070000000,074600000,074610000,2020-03-29,2
355,070000000,074600000,074610000,2020-03-30,2
356,070000000,074600000,074612000,2020-03-30,1
357,070000000,074600000,074622000,2020-03-26,1
358,070000000,074600000,074622000,2020-03-27,1
359,070000000,074600000,074622000,2020-03-28,1
360,070000000,074600000,074622000,2020-03-29,1
361,070000000,074600000,074622000,2020-03-30,1
362,070000000,074600000,NDA,2020-03-31,3
363,070000000,NDA,NDA,2020-03-30,1
364,070000000,NDA,NDA,2020-03-31,1
365,080000000,084800000,084805000,2020-03-26,1
366,080000000,084800000,084805000,2020-03-27,1
367,080000000,084800000,084805000,2020-03-28,1
368,080000000,084800000,084805000,2020-03-29,1
369,080000000,084800000,084805000,2020-03-30,1
370,080000000,084800000,NDA,2020-03-31,1
371,090000000,097300000,097332000,2020-03-26,1
372,090000000,097300000,097332000,2020-03-27,1
373,090000000,097300000,097332000,2020-03-28,1
374,090000000,097300000,097332000,2020-03-29,1
375,090000000,097300000,097332000,2020-03-30,1
376,090000000,097300000,NDA,2020-03-31,2
377,090000000,NDA,NDA,2020-03-30,1
378,090000000,NDA,NDA,2020-03-31,1
379,100000000,103500000,103504000,2020-03-27,1
380,100000000,103500000,103504000,2020-03-28,1
381,100000000,103500000,103504000,2020-03-29,1
382,100000000,103500000,103504000,2020-03-30,2
383,100000000,103500000,NDA,2020-03-31,2
384,100000000,104300000,104305000,2020-03-26,1
385,100000000,104300000,104305000,2020-03-27,2
386,100000000,104300000,104305000,2020-03-28,2
387,100000000,104300000,104305000,2020-03-29,2
388,100000000,104300000,104305000,2020-03-30,2
389,100000000,104300000,NDA,2020-03-31,1
390,110000000,112300000,112315000,2020-03-30,1
391,110000000,112300000,112319000,2020-03-30,3
392,110000000,112300000,NDA,2020-03-31,6
393,110000000,112400000,112402000,2020-03-26,2
394,110000000,112400000,112402000,2020-03-27,2
395,110000000,112400000,112402000,2020-03-28,5
396,110000000,112400000,112402000,2020-03-29,21
397,110000000,112400000,112402000,2020-03-30,40
398,110000000,112400000,112403000,2020-03-29,1
399,110000000,112400000,112403000,2020-03-30,1
400,110000000,112400000,112410000,2020-03-29,1
401,110000000,112400000,NDA,2020-03-28,1
402,110000000,112400000,NDA,2020-03-29,2
403,110000000,112400000,NDA,2020-03-30,1
404,110000000,112400000,NDA,2020-03-31,48
405,110000000,112500000,112509000,2020-03-30,2
406,110000000,112500000,NDA,2020-03-31,3
407,110000000,118200000,118211000,2020-03-26,1
408,110000000,118200000,118211000,2020-03-27,1
409,110000000,118200000,118211000,2020-03-28,1
410,110000000,118200000,118211000,2020-03-29,1
411,110000000,118200000,118211000,2020-03-30,1
412,120000000,126500000,126508000,2020-03-26,1
413,120000000,126500000,126508000,2020-03-27,1
414,120000000,126500000,126508000,2020-03-28,1
415,120000000,126500000,126508000,2020-03-29,1
416,120000000,126500000,126508000,2020-03-30,1
417,120000000,129900000,129804000,2020-03-26,1
418,120000000,129900000,129804000,2020-03-27,1
419,120000000,129900000,129804000,2020-03-28,1
420,120000000,129900000,129804000,2020-03-29,1
421,120000000,129900000,129804000,2020-03-30,1
422,120000000,NDA,NDA,2020-03-31,1
423,130000000,133900000,133900000,2020-03-27,1
424,130000000,133900000,133900000,2020-03-28,2
425,130000000,133900000,133900000,2020-03-29,3
426,130000000,133900000,133900000,2020-03-30,6
427,130000000,133900000,133901000,2020-03-26,2
428,130000000,133900000,133901000,2020-03-27,2
429,130000000,133900000,133901000,2020-03-28,4
430,130000000,133900000,133901000,2020-03-29,4
431,130000000,133900000,133901000,2020-03-30,10
432,130000000,133900000,133902000,2020-03-26,1
433,130000000,133900000,133902000,2020-03-27,1
434,130000000,133900000,133902000,2020-03-28,1
435,130000000,133900000,133902000,2020-03-29,1
436,130000000,133900000,133902000,2020-03-30,2
437,130000000,133900000,133903000,2020-03-26,1
438,130000000,133900000,133903000,2020-03-27,1
439,130000000,133900000,133903000,2020-03-28,1
440,130000000,133900000,133903000,2020-03-29,1
441,130000000,133900000,133903000,2020-03-30,1
442,130000000,133900000,133905000,2020-03-26,5
443,130000000,133900000,133905000,2020-03-27,5
444,130000000,133900000,133905000,2020-03-28,5
445,130000000,133900000,133905000,2020-03-29,5
446,130000000,133900000,133905000,2020-03-30,12
447,130000000,133900000,133906000,2020-03-26,15
448,130000000,133900000,133906000,2020-03-27,20
449,130000000,133900000,133906000,2020-03-28,22
450,130000000,133900000,133906000,2020-03-29,22
451,130000000,133900000,133906000,2020-03-30,36
452,130000000,133900000,133908000,2020-03-26,1
453,130000000,133900000,133908000,2020-03-27,1
454,130000000,133900000,133908000,2020-03-28,1
455,130000000,133900000,133908000,2020-03-29,1
456,130000000,133900000,133908000,2020-03-30,4
457,130000000,133900000,133910000,2020-03-27,1
458,130000000,133900000,133910000,2020-03-28,3
459,130000000,133900000,133910000,2020-03-29,4
460,130000000,133900000,133910000,2020-03-30,5
461,130000000,133900000,133911000,2020-03-26,1
462,130000000,133900000,133911000,2020-03-27,2
463,130000000,133900000,133911000,2020-03-28,2
464,130000000,133900000,133911000,2020-03-29,2
465,130000000,133900000,133911000,2020-03-30,4
466,130000000,133900000,133912000,2020-03-26,2
467,130000000,133900000,133912000,2020-03-27,2
468,130000000,133900000,133912000,2020-03-28,3
469,130000000,133900000,133912000,2020-03-29,3
470,130000000,133900000,133912000,2020-03-30,6
471,130000000,133900000,133913000,2020-03-30,1
472,130000000,133900000,133914000,2020-03-26,5
473,130000000,133900000,133914000,2020-03-27,5
474,130000000,133900000,133914000,2020-03-28,7
475,130000000,133900000,133914000,2020-03-29,7
476,130000000,133900000,133914000,2020-03-30,11
477,130000000,133900000,137404000,2020-03-30,1
478,130000000,133900000,NDA,2020-03-30,4
479,130000000,133900000,NDA,2020-03-31,145
480,130000000,137400000,137401000,2020-03-26,23
481,130000000,137400000,137401000,2020-03-27,26
482,130000000,137400000,137401000,2020-03-28,29
483,130000000,137400000,137401000,2020-03-29,29
484,130000000,137400000,137401000,2020-03-30,47
485,130000000,137400000,137402000,2020-03-26,7
486,130000000,137400000,137402000,2020-03-27,9
487,130000000,137400000,137402000,2020-03-28,11
488,130000000,137400000,137402000,2020-03-29,11
489,130000000,137400000,137402000,2020-03-30,26
490,130000000,137400000,137403000,2020-03-26,30
491,130000000,137400000,137403000,2020-03-27,36
492,130000000,137400000,137403000,2020-03-28,45
493,130000000,137400000,137403000,2020-03-29,48
494,130000000,137400000,137403000,2020-03-30,74
495,130000000,137400000,137404000,2020-03-26,88
496,130000000,137400000,137404000,2020-03-27,104
497,130000000,137400000,137404000,2020-03-28,121
498,130000000,137400000,137404000,2020-03-29,127
499,130000000,137400000,137404000,2020-03-30,241
500,130000000,137400000,137405000,2020-03-26,45
501,130000000,137400000,137405000,2020-03-27,56
502,130000000,137400000,137405000,2020-03-28,60
503,130000000,137400000,137405000,2020-03-29,62
504,130000000,137400000,137405000,2020-03-30,88
505,130000000,137400000,NDA,2020-03-31,576
506,130000000,137500000,137501000,2020-03-26,8
507,130000000,137500000,137501000,2020-03-27,9
508,130000000,137500000,137501000,2020-03-28,9
509,130000000,137500000,137501000,2020-03-29,9
510,130000000,137500000,137501000,2020-03-30,21
511,130000000,137500000,137502000,2020-03-28,1
512,130000000,137500000,137502000,2020-03-29,1
513,130000000,137500000,137502000,2020-03-30,3
514,130000000,137500000,137504000,2020-03-26,2
515,130000000,137500000,137504000,2020-03-27,2
516,130000000,137500000,137504000,2020-03-28,2
517,130000000,137500000,137504000,2020-03-29,2
518,130000000,137500000,137504000,2020-03-30,3
519,130000000,137500000,NDA,2020-03-28,1
520,130000000,137500000,NDA,2020-03-29,1
521,130000000,137500000,NDA,2020-03-30,1
522,130000000,137500000,NDA,2020-03-31,48
523,130000000,137600000,137601000,2020-03-26,8
524,130000000,137600000,137601000,2020-03-27,8
525,130000000,137600000,137601000,2020-03-28,10
526,130000000,137600000,137601000,2020-03-29,10
527,130000000,137600000,137601000,2020-03-30,20
528,130000000,137600000,137602000,2020-03-26,34
529,130000000,137600000,137602000,2020-03-27,39
530,130000000,137600000,137602000,2020-03-28,43
531,130000000,137600000,137602000,2020-03-29,46
532,130000000,137600000,137602000,2020-03-30,81
533,130000000,137600000,137603000,2020-03-26,7
534,130000000,137600000,137603000,2020-03-27,9
535,130000000,137600000,137603000,2020-03-28,10
536,130000000,137600000,137603000,2020-03-29,11
537,130000000,137600000,137603000,2020-03-30,22
538,130000000,137600000,137604000,2020-03-26,13
539,130000000,137600000,137604000,2020-03-27,17
540,130000000,137600000,137604000,2020-03-28,25
541,130000000,137600000,137604000,2020-03-29,26
542,130000000,137600000,137604000,2020-03-30,62
543,130000000,137600000,137605000,2020-03-26,7
544,130000000,137600000,137605000,2020-03-27,7
545,130000000,137600000,137605000,2020-03-28,8
546,130000000,137600000,137605000,2020-03-29,8
547,130000000,137600000,137605000,2020-03-30,14
548,130000000,137600000,137606000,2020-03-26,1
549,130000000,137600000,137606000,2020-03-27,1
550,130000000,137600000,137606000,2020-03-28,1
551,130000000,137600000,137606000,2020-03-29,1
552,130000000,137600000,137606000,2020-03-30,5
553,130000000,137600000,137607000,2020-03-26,25
554,130000000,137600000,137607000,2020-03-27,28
555,130000000,137600000,137607000,2020-03-28,29
556,130000000,137600000,137607000,2020-03-29,29
557,130000000,137600000,137607000,2020-03-30,36
558,130000000,137600000,NDA,2020-03-26,1
559,130000000,137600000,NDA,2020-03-27,1
560,130000000,137600000,NDA,2020-03-31,327
561,130000000,NDA,137602000,2020-03-30,1
562,130000000,NDA,NDA,2020-03-26,3
563,130000000,NDA,NDA,2020-03-27,5
564,130000000,NDA,NDA,2020-03-28,4
565,130000000,NDA,NDA,2020-03-29,5
566,130000000,NDA,NDA,2020-03-30,56
567,130000000,NDA,NDA,2020-03-31,49
568,140000000,140100000,140116000,2020-03-26,1
569,140000000,140100000,140116000,2020-03-27,1
570,140000000,140100000,140116000,2020-03-28,1
571,140000000,140100000,140116000,2020-03-29,1
572,140000000,140100000,140116000,2020-03-30,1
573,140000000,141100000,141102000,2020-03-26,2
574,140000000,141100000,141102000,2020-03-27,2
575,140000000,141100000,141102000,2020-03-28,2
576,140000000,141100000,141102000,2020-03-29,5
577,140000000,141100000,141102000,2020-03-30,10
578,140000000,141100000,NDA,2020-03-31,10
579,150000000,153600000,153616000,2020-03-30,2
580,150000000,153600000,153617000,2020-03-26,2
581,150000000,153600000,153617000,2020-03-27,4
582,150000000,153600000,153617000,2020-03-28,4
583,150000000,153600000,153617000,2020-03-29,4
584,150000000,153600000,153617000,2020-03-30,4
585,150000000,153600000,153618000,2020-03-26,1
586,150000000,153600000,153618000,2020-03-27,1
587,150000000,153600000,NDA,2020-03-31,5
588,150000000,NDA,NDA,2020-03-26,4
589,150000000,NDA,NDA,2020-03-27,4
590,170000000,174000000,174006000,2020-03-29,1
591,170000000,174000000,174006000,2020-03-30,1
592,170000000,174000000,NDA,2020-03-31,1
593,170000000,175100000,NDA,2020-03-31,1
594,170000000,175200000,175205000,2020-03-28,1
595,170000000,175200000,175205000,2020-03-29,1
596,170000000,175200000,175205000,2020-03-30,1
597,170000000,175200000,NDA,2020-03-31,1
598,170000000,175300000,175316000,2020-03-26,1
599,170000000,175300000,175316000,2020-03-27,1
600,170000000,175300000,175316000,2020-03-28,1
601,170000000,175300000,175316000,2020-03-29,1
602,170000000,175300000,175316000,2020-03-30,1
603,170000000,175300000,NDA,2020-03-31,1
604,170000000,NDA,NDA,2020-03-30,1
605,NDA,NDA,NDA,2020-03-26,326
606,NDA,NDA,NDA,2020-03-27,478
607,NDA,NDA,NDA,2020-03-28,692
608,NDA,NDA,NDA,2020-03-29,845
609,NDA,NDA,NDA,2020-03-30,855
610,NDA,NDA,NDA,2020-03-31,613
