,Date,CumulativeSumAdmitted,AL4_Negros oriental_SC1 HSC 16.0%,S-AL4_Negros oriental_SC1 HSC 16.0%,E-AL4_Negros oriental_SC1 HSC 16.0%,IS-AL4_Negros oriental_SC1 HSC 16.0%,IA-AL4_Negros oriental_SC1 HSC 16.0%,R-AL4_Negros oriental_SC1 HSC 16.0%,V1-AL4_Negros oriental_SC1 HSC 16.0%,Ev1-AL4_Negros oriental_SC1 HSC 16.0%,ISv1-AL4_Negros oriental_SC1 HSC 16.0%,IAv1-AL4_Negros oriental_SC1 HSC 16.0%,V2-AL4_Negros oriental_SC1 HSC 16.0%,Ev2-AL4_Negros oriental_SC1 HSC 16.0%,ISv2-AL4_Negros oriental_SC1 HSC 16.0%,IAv2-AL4_Negros oriental_SC1 HSC 16.0%
0,2021-07-01,9521.0,9521.0,1317238.0,532.0,753.0,36.0,8197.0,54582.0,22.0,26.0,2.0,23841.0,6.0,5.0,1.0
1,2021-07-02,9749.0,9649.1127,1316026.7411,523.5368,678.1909,38.4453,8347.5267,54571.3923,21.0856,23.909,2.1629,24963.2537,5.5987,4.822,1.06
2,2021-07-03,9858.0,9765.5771,1314823.922,509.0294,618.337,39.6665,8495.4445,54561.0759,20.0742,22.1706,2.2318,26085.4947,5.2404,4.6534,1.0733
3,2021-07-04,9971.0,9872.5579,1313628.063,490.9071,569.213,39.967,8640.4931,54550.9996,19.0297,20.6777,2.2365,27207.7167,4.9234,4.4859,1.0586
4,2021-07-05,10061.0,9971.6138,1312438.099,470.7843,527.8771,39.5986,8782.433,54541.1262,17.9914,19.3606,2.1986,28329.9151,4.644,4.3171,1.0283
5,2021-07-06,10074.0,10063.8858,1311253.2476,449.7304,492.2751,38.7606,8921.0535,54531.4288,16.9826,18.1738,2.1333,29452.087,4.3981,4.1475,0.9902
6,2021-07-07,10083.0,10150.2218,1310072.9229,428.442,460.9774,37.6061,9056.1759,54521.887,16.0163,17.088,2.0515,30574.2304,4.1815,3.9792,0.9492
7,2021-07-08,10209.0,10231.268,1308896.673,407.3692,432.9819,36.2491,9187.6542,54512.4852,15.0988,16.084,1.9607,31696.344,3.99,3.8141,0.9081
8,2021-07-09,10320.0,10307.529,1307724.1402,386.7962,407.5841,34.7732,9315.3741,54503.2111,14.2325,15.1492,1.8659,32818.4272,3.8196,3.6541,0.8685
9,2021-07-10,10424.0,10379.41,1306555.0324,366.8958,384.2845,33.2386,9439.2509,54494.0545,13.4172,14.2748,1.7705,33940.4793,3.667,3.5008,0.8313
10,2021-07-11,10537.0,10447.245,1305389.1048,347.7674,362.7257,31.6875,9559.2274,54485.0071,12.6513,13.4549,1.6767,35062.5003,3.5292,3.3552,0.7968
11,2021-07-12,10585.0,10511.317,1304226.1468,329.4613,342.6482,30.1492,9675.2707,54476.0615,11.9323,12.6848,1.5859,36184.4899,3.4036,3.2176,0.765
12,2021-07-13,10621.0,10571.8714,1303065.9729,311.9961,323.8604,28.6434,9787.37,54467.2114,11.2575,11.9609,1.4987,37306.4482,3.288,3.0884,0.7357
13,2021-07-14,10625.0,10629.1253,1301908.4171,295.3694,306.2176,27.1828,9895.5339,54458.4511,10.6241,11.2802,1.4157,38428.375,3.1806,2.9673,0.7087
14,2021-07-15,10668.0,10683.2743,1300753.3288,279.5655,289.6083,25.7753,9999.7877,54449.7754,10.0293,10.6401,1.337,39550.2705,3.08,2.854,0.6837
15,2021-07-16,10760.0,10734.4966,1299600.5693,264.5605,273.9434,24.4256,10100.1714,54441.1795,9.4704,10.0379,1.2625,40672.1345,2.985,2.7479,0.6605
16,2021-07-17,10826.0,10782.9565,1298450.0102,250.3258,259.1504,23.1357,10196.7376,54432.6591,8.9448,9.4715,1.1923,41793.9671,2.8945,2.6486,0.6388
17,2021-07-18,10898.0,10828.8065,1297301.532,236.83,245.1684,21.906,10289.5494,54424.2099,8.4503,8.9386,1.126,42915.7682,2.8077,2.5554,0.6184
18,2021-07-19,10965.0,10872.189,1296155.0225,224.0403,231.9449,20.7359,10378.6789,54415.8281,7.9846,8.4372,1.0636,44037.5377,2.7241,2.4677,0.599
19,2021-07-20,10970.0,10913.2377,1295010.3766,211.9241,219.4336,19.6241,10464.2057,54407.5102,7.546,7.9653,1.0047,45159.2756,2.6432,2.3849,0.5805
20,2021-07-21,11002.0,10952.0781,1293867.4951,200.4488,207.593,18.5688,10546.2153,54399.2526,7.1325,7.5212,0.9493,46280.9817,2.5646,2.3064,0.5629
21,2021-07-22,11054.0,10988.8288,1292726.2846,189.5828,196.3853,17.5678,10624.7982,54391.0522,6.7425,7.103,0.897,47402.6559,2.488,2.2318,0.5458
22,2021-07-23,11064.0,11023.6015,1291586.657,179.2954,185.7759,16.6189,10700.0486,54382.9059,6.3745,6.7091,0.8478,48524.2979,2.4132,2.1606,0.5294
23,2021-07-24,11124.0,11056.5019,1290448.5289,169.5572,175.7322,15.7197,10772.0634,54374.8109,6.0271,6.3381,0.8013,49645.9078,2.3401,2.0923,0.5134
24,2021-07-25,11129.0,11087.63,1289311.8215,160.3398,166.2242,14.8681,10840.9416,54366.7643,5.6991,5.9884,0.7575,50767.4851,2.2684,2.0267,0.4979
25,2021-07-26,11173.0,11117.0804,1288176.4603,151.6162,157.2235,14.0615,10906.7836,54358.7637,5.3893,5.6587,0.7161,51889.0298,2.1982,1.9634,0.4827
26,2021-07-27,11201.0,11144.9426,1287042.3748,143.3607,148.7031,13.2979,10969.6901,54350.8066,5.0965,5.3478,0.6771,53010.5415,2.1294,1.9022,0.4679
27,2021-07-28,11208.0,11171.3013,1285909.4983,135.5487,140.638,12.5751,11029.762,54342.8907,4.8198,5.0546,0.6402,54132.0201,2.062,1.8429,0.4535
28,2021-07-29,11213.0,11196.2368,1284777.7678,128.1569,133.0041,11.8909,11087.0998,54335.0137,4.5583,4.7778,0.6054,55253.4653,1.9959,1.7853,0.4393
29,2021-07-30,11253.0,11219.8251,1283647.1236,121.1631,125.7789,11.2433,11141.8032,54327.1737,4.311,4.5167,0.5725,56374.8769,1.9311,1.7293,0.4254
30,2021-07-31,11278.0,11242.1381,1282517.5091,114.5465,118.9407,10.6306,11193.9706,54319.3686,4.0772,4.27,0.5414,57496.2545,1.8677,1.6748,0.4119
31,2021-08-01,11343.0,11263.3551,1281365.2235,129.6863,114.1876,10.3967,11243.7555,54310.771,4.6203,4.0945,0.5286,58617.1554,2.2135,1.6456,0.4142
32,2021-08-02,11365.0,11282.8843,1277744.9366,141.3067,113.3962,10.6482,11291.4966,56030.1277,5.0602,4.0579,0.5395,60478.9846,2.5006,1.6735,0.4377
33,2021-08-03,11375.0,11302.4634,1274124.719,150.8999,114.4134,11.114,11337.5297,57749.3638,5.4668,4.0912,0.5632,62340.7108,2.7607,1.7323,0.472
34,2021-08-04,11378.0,11322.3541,1270504.0521,159.3002,116.6769,11.6725,11382.1529,59468.4587,5.8649,4.18,0.5945,64202.3229,3.0089,1.8159,0.5122
35,2021-08-05,11424.0,11342.7382,1266882.5903,167.0352,119.8128,12.2648,11425.627,61187.3967,6.27,4.3147,0.631,66063.8126,3.2549,1.92,0.5559
36,2021-08-06,11465.0,11363.7448,1263260.097,174.4386,123.575,12.865,11468.1844,62906.1656,6.6922,4.4887,0.6713,67925.1731,3.5051,2.0411,0.6018
37,2021-08-07,11484.0,11385.4691,1259636.4039,181.7222,127.8026,13.4642,11510.036,64624.7548,7.1376,4.6978,0.7149,69786.3988,3.7638,2.1772,0.6498
38,2021-08-08,11528.0,11407.9841,1256011.3856,189.0212,132.3915,14.0615,11551.3746,66343.1551,7.6106,4.9389,0.7617,71647.4848,4.034,2.3267,0.6998
39,2021-08-09,11554.0,11431.3491,1252384.9424,196.4227,137.2757,14.6594,11592.3786,68061.3579,8.1138,5.2104,0.8118,73508.4264,4.3179,2.4889,0.752
40,2021-08-10,11556.0,11455.6147,1248756.9906,203.9839,142.4141,15.2618,11633.2137,69779.355,8.6493,5.5112,0.8653,75369.2191,4.617,2.6632,0.8068
41,2021-08-11,11565.0,11480.8264,1245127.4557,211.7433,147.7822,15.8722,11674.0354,71497.1382,9.2187,5.8406,0.9223,77229.8586,4.9325,2.8496,0.8642
42,2021-08-12,11617.0,11507.0267,1241496.2684,219.7278,153.3661,16.4941,11714.9897,73214.6993,9.8233,6.1985,0.983,79090.3403,5.2656,3.0481,0.9247
43,2021-08-13,11667.0,11534.2566,1237863.3619,227.9571,159.1593,17.1302,11756.2146,74932.0297,10.4643,6.585,1.0476,80950.6598,5.6172,3.2591,0.9883
44,2021-08-14,11683.0,11562.5568,1234228.6703,236.4467,165.1598,17.7828,11797.8412,76649.1208,11.1432,7.0002,1.1161,82810.8122,5.9881,3.4828,1.0554
45,2021-08-15,11707.0,11591.9681,1230592.1277,245.2093,171.3686,18.4538,11839.9943,78365.9635,11.8612,7.4447,1.1888,84670.7928,6.3794,3.7197,1.1262
46,2021-08-16,11736.0,11622.5317,1226953.6672,254.2558,177.7888,19.1448,11882.7934,80082.5485,12.6197,7.9189,1.2658,86530.5964,6.7919,3.9704,1.2008
47,2021-08-17,11742.0,11654.2898,1223313.221,263.5966,184.4248,19.857,11926.3531,81798.866,13.4203,8.4237,1.3473,88390.2178,7.2266,4.2354,1.2794
48,2021-08-18,11746.0,11687.2857,1219670.7196,273.2413,191.282,20.5916,11970.7841,83514.9058,14.2646,8.9597,1.4334,90249.6514,7.6845,4.5152,1.3623
49,2021-08-19,11802.0,11721.5638,1216026.092,283.1992,198.3662,21.3496,12016.1934,85230.6573,15.1543,9.528,1.5242,92108.8917,8.1665,4.8106,1.4497
50,2021-08-20,11834.0,11757.1698,1212379.2654,293.4798,205.6836,22.1319,12062.6851,86946.1094,16.0912,10.1295,1.6201,93967.9324,8.6737,5.1222,1.5417
51,2021-08-21,11866.0,11794.1508,1208730.165,304.0922,213.241,22.9393,12110.3606,88661.2506,17.0773,10.7654,1.7212,95826.7675,9.2073,5.4506,1.6386
52,2021-08-22,11908.0,11832.5551,1205078.7144,315.0458,221.0452,23.7728,12159.3193,90376.0688,18.1145,11.4368,1.8276,97685.3904,9.7683,5.7967,1.7405
53,2021-08-23,11948.0,11872.4328,1201424.835,326.3502,229.1032,24.633,12209.6588,92090.5516,19.205,12.1452,1.9397,99543.7944,10.3579,6.1611,1.8477
54,2021-08-24,11954.0,11913.8354,1197768.4461,338.0148,237.4222,25.5208,12261.4755,93804.6858,20.3509,12.8918,2.0576,101401.9723,10.9774,6.5448,1.9605
55,2021-08-25,11956.0,11956.8158,1194109.4651,350.0494,246.0095,26.437,12314.8646,95518.4578,21.5547,13.6782,2.1816,103259.9168,11.628,6.9484,2.079
56,2021-08-26,12028.0,12001.4287,1190447.8072,362.4639,254.8728,27.3824,12369.9208,97231.8534,22.8187,14.5059,2.3119,105117.6202,12.3111,7.3729,2.2035
57,2021-08-27,12064.0,12047.7304,1186783.3855,375.2683,264.0195,28.3577,12426.7381,98944.8579,24.1454,15.3766,2.4488,106975.0746,13.028,7.8193,2.3343
58,2021-08-28,12117.0,12095.7789,1183116.1109,388.4728,273.4574,29.3639,12485.4107,100657.4557,25.5374,16.2919,2.5926,108832.2716,13.7802,8.2883,2.4716
59,2021-08-29,12124.0,12145.6338,1179445.8922,402.0877,283.1945,30.4016,12546.0327,102369.631,26.9974,17.2538,2.7435,110689.2025,14.5691,8.781,2.6157
60,2021-08-30,12209.0,12197.3567,1175772.6357,416.1237,293.2386,31.4717,12608.6987,104081.367,28.5283,18.2641,2.9019,112545.8583,15.3963,9.2983,2.7669
61,2021-08-31,12213.0,12251.0107,1172096.2457,430.5912,303.598,32.5752,12673.5037,105792.6464,30.1329,19.3248,3.068,114402.2297,16.2633,9.8415,2.9256
62,2021-09-01,12217.0,12306.6611,1168416.6424,445.5013,314.2809,33.7127,12740.5438,107503.3892,31.8143,20.4379,3.2422,116258.3502,17.1718,10.4114,3.0919
63,2021-09-02,12255.0,12364.3747,1165550.5977,460.8997,325.2976,34.8857,12809.9156,106482.985,33.4769,21.6007,3.4233,120027.9605,18.158,11.0106,3.2671
64,2021-09-03,12321.0,12424.2197,1162681.0452,476.826,336.6648,36.0964,12881.7169,105462.2755,35.04,22.7936,3.6059,123797.188,19.2529,11.6465,3.4553
65,2021-09-04,12383.0,12486.265,1159807.8407,493.2817,348.3982,37.3468,12956.0459,104441.3807,36.5251,23.998,3.786,127565.9296,20.4517,12.3266,3.6592
66,2021-09-05,12458.0,12550.5805,1156930.8763,510.2689,360.5111,38.6381,13033.0014,103420.297,37.9498,25.2013,3.9618,131334.168,21.751,13.0574,3.8807
67,2021-09-06,12464.0,12617.2373,1154050.0425,527.7905,373.0147,39.9713,13112.6836,102399.0207,39.3282,26.3951,4.1327,135101.8857,23.1488,13.8437,4.1207
68,2021-09-07,12518.0,12686.3078,1151165.2286,545.8503,385.9186,41.347,13195.1935,101377.5484,40.6719,27.5746,4.2987,138869.0642,24.6437,14.6897,4.3796
69,2021-09-08,12552.0,12757.8662,1148276.3219,564.4527,399.231,42.7658,13280.6335,100355.8766,41.9903,28.7373,4.4604,142635.6847,26.2354,15.5986,4.6577
70,2021-09-09,12700.0,12831.9877,1145383.2083,583.6033,412.9595,44.2282,13369.1073,99334.0022,43.2909,29.8826,4.6184,146401.7273,27.9243,16.5731,4.9552
71,2021-09-10,12786.0,12908.7496,1142485.7716,603.308,427.111,45.7347,13460.7201,98311.9218,44.58,31.0114,4.7734,150167.1717,29.7114,17.6153,5.2723
72,2021-09-11,12869.0,12988.2305,1139583.8939,623.5734,441.6921,47.2857,13555.5789,97289.6324,45.8623,32.1249,4.9261,153931.9966,31.598,18.7272,5.6092
73,2021-09-12,12996.0,13070.5108,1136677.4554,644.4067,456.7091,48.8818,13653.7919,96267.131,47.1419,33.2252,5.0771,157696.18,33.586,19.9106,5.9661
74,2021-09-13,13148.0,13155.6724,1133766.3345,665.8153,472.1682,50.5235,13755.4694,95244.4147,48.4218,34.3144,5.227,161459.6993,35.6778,21.1671,6.3433
75,2021-09-14,13163.0,13243.799,1130850.4078,687.8069,488.0757,52.2115,13860.7234,94221.4809,49.7044,35.3948,5.3761,165222.5309,37.8758,22.4985,6.7413
76,2021-09-15,13166.0,13334.9759,1127929.5501,710.3895,504.4379,53.9463,13969.6677,93198.3268,50.9917,36.4686,5.5249,168984.6505,40.1829,23.9065,7.1603
77,2021-09-16,13270.0,13429.29,1125003.6345,733.5712,521.261,55.7285,14082.4182,92174.9501,52.2849,37.5379,5.6737,172746.0328,42.6023,25.3929,7.601
78,2021-09-17,13430.0,13526.8301,1122072.5322,757.3602,538.5514,57.5588,14199.0924,91151.3484,53.5852,38.6044,5.8228,176506.6519,45.1371,26.9597,8.0638
79,2021-09-18,13560.0,13627.6865,1119136.113,781.7648,556.3156,59.4378,14319.8102,90127.5196,54.8932,39.67,5.9723,180266.4808,47.7908,28.6089,8.5494
80,2021-09-19,13680.0,13731.951,1116194.245,806.7932,574.5601,61.3662,14444.6933,89103.4617,56.2093,40.736,6.1225,184025.4918,50.5672,30.3426,9.0584
81,2021-09-20,13689.0,13839.7174,1113246.7944,832.4534,593.2914,63.3446,14573.8656,88079.173,57.5336,41.8037,6.2734,187783.6562,53.4699,32.1633,9.5915
82,2021-09-21,13698.0,13951.081,1110293.6265,858.7537,612.516,65.3737,14707.453,87054.6518,58.8662,42.874,6.4251,191540.9445,56.503,34.0732,10.1493
83,2021-09-22,13707.0,14066.1386,1107334.6045,885.7018,632.2405,67.4541,14845.5837,86029.8968,60.2067,43.9477,6.5776,195297.326,59.6706,36.075,10.7328
84,2021-09-23,13871.0,14184.9888,1104369.5907,913.3056,652.4714,69.5866,14988.3877,85004.9068,61.5547,45.0255,6.731,199052.7693,62.9767,38.1714,11.3426
85,2021-09-24,14094.0,14307.7315,1101398.4459,941.5725,673.2153,71.7717,15135.9975,83979.6808,62.9099,46.1077,6.8853,202807.2422,66.4257,40.365,11.9795
86,2021-09-25,14710.0,14434.4685,1098421.0296,970.51,694.4784,74.0101,15288.5475,82954.2181,64.2715,47.1947,7.0404,206560.7112,70.022,42.6589,12.6444
87,2021-09-26,14916.0,14565.3031,1095437.2001,1000.125,716.2672,76.3023,15446.1746,81928.5184,65.6388,48.2864,7.1963,210313.1419,73.77,45.056,13.3381
88,2021-09-27,14950.0,14700.34,1092446.8148,1030.4243,738.5878,78.649,15609.0175,80902.5813,67.011,49.3828,7.3529,214064.499,77.6744,47.5595,14.0616
89,2021-09-28,14970.0,14839.6856,1089449.7298,1061.4145,761.4461,81.0508,15777.2173,79876.407,68.387,50.4837,7.5102,217814.7462,81.7397,50.1726,14.8157
90,2021-09-29,15159.0,14983.4475,1086445.8006,1093.1015,784.8482,83.5082,15950.9171,78849.9958,69.7659,51.5889,7.668,221563.8461,85.9708,52.8984,15.6014
91,2021-09-30,15364.0,15131.7348,1083434.8824,1125.4904,808.7996,86.0217,16130.2623,77823.3485,71.1466,52.6978,7.8263,225311.7604,90.3723,55.7406,16.4195
92,2021-10-01,15388.0,15284.1864,1080518.1321,1066.7078,825.9953,87.1231,16315.1418,76802.5805,66.9952,53.3976,7.8655,229067.384,86.8274,58.2272,16.9629
93,2021-10-02,15618.0,15429.8382,1077861.054,1020.7776,839.502,86.5053,16504.4215,76789.7131,63.6941,53.9156,7.7525,231552.4483,84.3308,60.5227,17.1293
94,2021-10-03,15839.0,15577.0786,1075203.0078,984.1228,843.9563,84.9224,16696.9742,76776.7591,61.0689,53.8844,7.5631,234037.1201,82.5489,62.1603,17.0936
95,2021-10-04,15854.0,15724.5835,1072545.4524,953.7487,842.1006,82.938,16891.9678,76763.8061,58.9181,53.4763,7.3453,236521.5305,81.2343,63.2888,16.9647
96,2021-10-05,15871.0,15871.4378,1069889.3561,927.6449,835.8889,80.8442,17088.7124,76750.9125,57.1033,52.8167,7.1244,239005.7699,80.2207,64.0302,16.8001
97,2021-10-06,16017.0,16017.0152,1067235.3546,904.4649,826.7036,78.7821,17286.6258,76738.117,55.5285,51.9955,6.9126,241489.9005,79.3974,64.4805,16.6286
98,2021-10-07,16081.0,16160.8925,1064583.8586,883.3092,815.5165,76.8106,17485.2093,76725.4451,54.1275,51.0765,6.7148,243973.9658,78.6909,64.7132,16.463
99,2021-10-08,16205.0,16302.7882,1061935.1274,863.5776,803.0072,74.9466,17684.0309,76712.913,52.8539,50.1036,6.532,246457.9958,78.053,64.7833,16.3074
100,2021-10-09,16424.0,16442.5189,1059289.318,844.8705,789.6487,73.1867,17882.7131,76700.5311,51.6756,49.107,6.3634,248942.0116,77.4522,64.7315,16.1619
101,2021-10-10,16659.0,16579.9697,1056646.5193,826.9226,775.7693,71.5194,18080.9239,76688.3053,50.5697,48.1065,6.2074,251426.0279,76.8683,64.5873,16.0249
102,2021-10-11,16705.0,16715.0722,1054006.7741,809.5578,761.5958,69.931,18278.3701,76676.2391,49.52,47.1152,6.0622,253910.0555,76.2888,64.3724,15.8941
103,2021-10-12,16874.0,16847.7904,1051370.095,792.6591,747.2847,68.4084,18474.792,76664.3341,48.5151,46.1408,5.9262,256394.1021,75.7059,64.1023,15.7675
104,2021-10-13,16975.0,16978.1101,1048736.4742,776.1493,732.9432,66.9407,18669.9594,76652.5904,47.5466,45.188,5.7976,258878.1735,75.115,63.7882,15.6431
105,2021-10-14,17018.0,17106.0322,1046105.8907,759.9771,718.6454,65.5187,18863.6683,76641.0075,46.6083,44.259,5.6754,261362.2739,74.5136,63.4385,15.5196
106,2021-10-15,17077.0,17231.5677,1043478.3145,744.1082,704.4417,64.1356,19055.7377,76629.5844,45.6958,43.3544,5.5584,263846.4069,73.9005,63.059,15.3959
107,2021-10-16,17248.0,17354.7344,1040853.7102,728.52,690.3666,62.7859,19246.0077,76618.3196,44.8057,42.474,5.4458,266330.5752,73.2754,62.6544,15.2712
108,2021-10-17,17626.0,17475.5547,1038232.0384,713.1969,676.4437,61.4657,19434.3369,76607.2114,43.9355,41.6172,5.337,268814.7809,72.6385,62.2279,15.1451
109,2021-10-18,17708.0,17594.0543,1035613.2577,698.1286,662.6888,60.1721,19620.6012,76596.258,43.0832,40.7827,5.2313,271299.026,71.9901,61.7823,15.0171
110,2021-10-19,,17710.2607,1032997.3251,683.3075,649.1128,58.903,19804.6916,76585.4574,42.2473,39.9693,5.1284,273783.3122,71.3308,61.3196,14.8873
111,2021-10-20,,17824.202,1030384.1982,668.7286,635.7225,57.6567,19986.5123,76574.8077,41.4267,39.1758,5.028,276267.6408,70.6614,60.8415,14.7554
112,2021-10-21,,17942.8083,1027774.3389,653.9119,616.8708,56.3116,20166.048,76564.3387,40.5906,38.0528,4.9252,278752.0709,69.9285,59.8048,14.608
113,2021-10-22,,18058.1237,1025168.0688,638.6279,599.3457,55.0073,20343.2568,76554.0714,39.7239,37.0174,4.8239,281236.6466,69.1056,58.8579,14.4564
114,2021-10-23,,18170.3576,1022565.1766,623.1518,582.8342,53.7201,20518.0255,76543.9934,38.8432,36.0489,4.7227,283721.3519,68.2234,57.973,14.2969
115,2021-10-24,,18279.6712,1019965.4997,607.6651,567.1156,52.4414,20690.2521,76534.0954,37.9595,35.1322,4.6213,286206.1757,67.3028,57.1301,14.129
116,2021-10-25,,18386.1915,1017368.9085,592.2866,552.035,51.1698,20859.847,76524.3701,37.0801,34.2567,4.5198,288691.1099,66.3578,56.3148,13.9534
117,2021-10-26,,18490.0211,1014775.2962,577.0932,537.4841,49.9072,21026.7326,76514.8115,36.2094,33.4147,4.4185,291176.1492,65.3978,55.5174,13.7714
118,2021-10-27,,18591.2457,1012184.571,562.1341,523.3868,48.6566,21190.8431,76505.4145,35.3504,32.6007,4.3177,293661.2893,64.4293,54.7314,13.5844
119,2021-10-28,,18689.9397,1009596.652,547.4399,509.6896,47.421,21352.1242,76496.1749,34.505,31.811,4.2178,296146.5272,63.4566,53.9525,13.3936
120,2021-10-29,,18786.1688,1007011.4657,533.0292,496.3541,46.2032,21510.5318,76487.0887,33.6743,31.0426,4.119,298631.8603,62.4827,53.178,13.2003
121,2021-10-30,,18879.9933,1004428.9438,518.9122,483.3532,45.0052,21666.0317,76478.1523,32.8588,30.2935,4.0216,301117.2868,61.5096,52.4065,13.0052
122,2021-10-31,,18971.4692,1001849.0217,505.0941,470.6666,43.8285,21818.5985,76469.3622,32.0589,29.5623,3.9256,303602.8046,60.5389,51.6371,12.8091
123,2021-11-01,,19060.6494,999271.6379,491.5762,458.2791,42.6744,21968.2146,76460.7152,31.2747,28.8477,3.8312,306088.4123,59.5716,50.8693,12.6125
124,2021-11-02,,19147.5846,996696.7331,478.3578,446.1792,41.5434,22114.8702,76452.2082,30.5061,28.149,3.7385,308574.1081,58.6085,50.1033,12.4159
125,2021-11-03,,19232.3239,994124.2498,465.4367,434.3575,40.436,22258.5617,76443.8381,29.7532,27.4654,3.6475,311059.8906,57.6502,49.3391,12.2195
126,2021-11-04,,19314.9147,991554.132,452.8095,422.8063,39.3524,22399.2918,76435.602,29.0156,26.7965,3.5583,313545.7583,56.6973,48.5771,12.0237
127,2021-11-05,,19395.4035,988986.325,440.4723,411.5191,38.2925,22537.0683,76427.4971,28.2933,26.1417,3.4708,316031.7097,55.7501,47.8174,11.8287
128,2021-11-06,,19473.8357,986420.7756,428.4208,400.4899,37.2564,22671.904,76419.5204,27.586,25.5007,3.385,318517.7431,54.809,47.0606,11.6346
129,2021-11-07,,19550.2558,983857.4314,416.6505,389.7136,36.2437,22803.8161,76411.6693,26.8935,24.8731,3.301,321003.857,53.8744,46.307,11.4415
130,2021-11-08,,19624.7074,981296.2413,405.1566,379.185,35.2542,22932.8256,76403.9409,26.2156,24.2588,3.2187,323490.0498,52.9464,45.5568,11.2495
131,2021-11-09,,19697.2334,978737.1553,393.9345,368.8995,34.2876,23058.9568,76396.3326,25.5521,23.6573,3.1381,325976.3199,52.0255,44.8104,11.0588
132,2021-11-10,,19767.8761,976180.124,382.9792,358.8526,33.3435,23182.237,76388.8418,24.9027,23.0684,3.0592,328462.6655,51.1118,44.0682,10.8693
133,2021-11-11,,19836.6769,973625.0995,372.286,349.0398,32.4217,23302.6963,76381.4659,24.2673,22.492,2.982,330949.0849,50.2056,43.3304,10.6813
134,2021-11-12,,19903.6764,971072.0344,361.85,339.4569,31.5217,23420.367,76374.2024,23.6455,21.9277,2.9064,333435.5765,49.3071,42.5974,10.4946
135,2021-11-13,,19968.9148,968520.8826,351.6664,330.0996,30.6431,23535.2836,76367.0487,23.0372,21.3754,2.8324,335922.1383,48.4165,41.8693,10.3095
136,2021-11-14,,20032.4316,965971.5986,341.7305,320.9638,29.7856,23647.4823,76360.0023,22.4422,20.8349,2.76,338408.7687,47.5341,41.1464,10.1259
137,2021-11-15,,20094.2653,963424.1381,332.0376,312.0455,28.9487,23757.0008,76353.061,21.8602,20.306,2.6891,340895.4658,46.6599,40.429,9.9439
138,2021-11-16,,20154.454,960878.4576,322.5828,303.3404,28.1322,23863.8785,76346.2222,21.291,19.7884,2.6198,343382.2276,45.7943,39.7172,9.7635
139,2021-11-17,,20213.0352,958334.5144,313.3617,294.8448,27.3356,23968.1554,76339.4837,20.7345,19.2819,2.552,345869.0525,44.9373,39.0112,9.5848
140,2021-11-18,,20270.0456,955792.2668,304.3697,286.5545,26.5585,24069.8727,76332.8431,20.1903,18.7865,2.4857,348355.9383,44.0891,38.3113,9.4078
141,2021-11-19,,20325.5212,953251.6739,295.602,278.4658,25.8006,24169.0725,76326.2983,19.6583,18.3019,2.4209,350842.8833,43.2499,37.6176,9.2325
142,2021-11-20,,20379.4975,950712.6956,287.0544,270.5747,25.0614,24265.7972,76319.847,19.1383,17.8279,2.3575,353329.8854,42.4197,36.9303,9.059
143,2021-11-21,,20432.0095,948175.2929,278.7224,262.8774,24.3407,24360.0901,76313.487,18.6301,17.3643,2.2955,355816.9427,41.5988,36.2495,8.8874
144,2021-11-22,,20483.0912,945639.4273,270.6015,255.3702,23.638,24451.9944,76307.2162,18.1334,16.911,2.2349,358304.0532,40.7872,35.5754,8.7175
145,2021-11-23,,20532.7762,943105.0612,262.6874,248.0492,22.953,24541.554,76301.0325,17.6481,16.4678,2.1757,360791.2149,39.9851,34.9081,8.5496
146,2021-11-24,,20581.0975,940572.158,254.9759,240.9109,22.2853,24628.8127,76294.9339,17.1739,16.0345,2.1178,363278.4259,39.1925,34.2476,8.3835
147,2021-11-25,,20628.0875,938040.6817,247.4628,233.9515,21.6346,24713.8144,76288.9183,16.7107,15.611,2.0613,365765.6841,38.4095,33.5942,8.2193
148,2021-11-26,,20673.7779,935510.5972,240.1438,227.1674,21.0005,24796.603,76282.9838,16.2583,15.197,2.006,368252.9875,37.6363,32.948,8.057
149,2021-11-27,,20718.1998,932981.87,233.0149,220.5552,20.3827,24877.2225,76277.1284,15.8164,14.7925,1.952,370740.334,36.8729,32.309,7.8967
150,2021-11-28,,20761.3839,930454.4666,226.0721,214.1112,19.7808,24955.7163,76271.3502,15.3849,14.3972,1.8993,373227.7217,36.1193,31.6773,7.7384
151,2021-11-29,,20803.36,927928.3541,219.3113,207.8319,19.1945,25032.1281,76265.6473,14.9636,14.0109,1.8478,375715.1485,35.3756,31.053,7.5821
152,2021-11-30,,20844.1576,925403.5002,212.7286,201.7141,18.6235,25106.501,76260.018,14.5522,13.6336,1.7975,378202.6124,34.6419,30.4362,7.4277
153,2021-12-01,,20883.8055,922879.8737,206.3201,195.7542,18.0675,25178.8779,76254.4604,14.1507,13.265,1.7484,380690.1113,33.9182,29.827,7.2754
154,2021-12-02,,20922.3318,920357.4439,200.082,189.9489,17.526,25249.3012,76248.9728,13.7588,12.905,1.7004,383177.6432,33.2045,29.2254,7.1251
155,2021-12-03,,20959.7645,917836.1806,194.0106,184.295,16.9989,25317.8132,76243.5534,13.3763,12.5535,1.6536,385665.206,32.5009,28.6314,6.9768
156,2021-12-04,,20996.1305,915316.0547,188.1021,178.7892,16.4857,25384.4554,76238.2005,13.0031,12.2102,1.6079,388152.7978,31.8074,28.0452,6.8306
157,2021-12-05,,21031.4564,912797.0374,182.353,173.4283,15.9863,25449.2692,76232.9126,12.6389,11.8751,1.5633,390640.4164,31.124,27.4667,6.6864
158,2021-12-06,,21065.7684,910279.1009,176.7595,168.2091,15.5002,25512.2953,76227.6879,12.2837,11.548,1.5198,393128.0599,30.4506,26.896,6.5442
159,2021-12-07,,21099.0919,907762.2177,171.3182,163.1286,15.0272,25573.5738,76222.5249,11.9371,11.2286,1.4773,395615.7262,29.7874,26.3332,6.4041
160,2021-12-08,,21131.4519,905246.3614,166.0256,158.1837,14.5669,25633.1445,76217.422,11.5991,10.917,1.4358,398103.4133,29.1343,25.7782,6.2661
161,2021-12-09,,21162.873,902731.5057,160.8783,153.3714,14.1192,25691.0466,76212.3778,11.2695,10.6128,1.3954,400591.1193,28.4912,25.231,6.1301
162,2021-12-10,,21193.3791,900217.6254,155.873,148.6886,13.6837,25747.3186,76207.3906,10.9481,10.3161,1.356,403078.842,27.8582,24.6918,5.9962
163,2021-12-11,,21222.9936,897704.6956,151.0062,144.1326,13.2601,25801.9985,76202.4591,10.6347,10.0265,1.3175,405566.5796,27.2353,24.1604,5.8643
164,2021-12-12,,21251.7395,895192.6921,146.2749,139.7004,12.8482,25855.1239,76197.5819,10.3292,9.7441,1.28,408054.33,26.6224,23.6369,5.7345
165,2021-12-13,,21279.6394,892681.5914,141.6757,135.3893,12.4477,25906.7314,76192.7574,10.0314,9.4686,1.2435,410542.0912,26.0194,23.1214,5.6067
166,2021-12-14,,21306.7152,890171.3703,137.2056,131.1963,12.0582,25956.8574,76187.9844,9.7411,9.2,1.2078,413029.8614,25.4264,22.6137,5.481
167,2021-12-15,,21332.9884,887662.0065,132.8615,127.1188,11.6797,26005.5375,76183.2616,9.4583,8.938,1.1731,415517.6386,24.8434,22.1138,5.3573
168,2021-12-16,,21358.4801,885153.4779,128.6403,123.1542,11.3117,26052.8067,76178.5875,9.1827,8.6826,1.1392,418005.4208,24.2701,21.6218,5.2356
169,2021-12-17,,21383.2109,882645.7633,124.5391,119.2997,10.9541,26098.6994,76173.9609,8.9141,8.4335,1.1062,420493.2062,23.7067,21.1377,5.1159
170,2021-12-18,,21407.2009,880138.8419,120.555,115.5528,10.6066,26143.2493,76169.3807,8.6526,8.1908,1.074,422980.9928,23.153,20.6614,4.9983
171,2021-12-19,,21430.4698,877632.6932,116.685,111.911,10.269,26186.4897,76164.8454,8.3978,7.9542,1.0427,425468.7787,22.609,20.1929,4.8826
172,2021-12-20,,21453.0369,875127.2976,112.9265,108.3716,9.941,26228.4531,76160.354,8.1496,7.7236,1.0121,427956.5622,22.0746,19.7321,4.769
173,2021-12-21,,21474.921,872622.6358,109.2767,104.9324,9.6224,26269.1715,76155.9053,7.9079,7.4989,0.9824,430444.3412,21.5498,19.279,4.6573
174,2021-12-22,,21496.1405,870118.6888,105.7328,101.5907,9.3129,26308.6762,76151.4982,7.6726,7.2799,0.9534,432932.1141,21.0344,18.8336,4.5475
175,2021-12-23,,21516.7133,867615.4386,102.2922,98.3444,9.0123,26346.9979,76147.1314,7.4435,7.0666,0.9252,435419.8789,20.5285,18.3959,4.4398
176,2021-12-24,,21536.6572,865112.8671,98.9523,95.1911,8.7205,26384.1667,76142.804,7.2205,6.8589,0.8977,437907.6339,20.0319,17.9658,4.3339
177,2021-12-25,,21555.9891,862610.957,95.7105,92.1284,8.4372,26420.2121,76138.5148,7.0034,6.6565,0.871,440395.3773,19.5446,17.5432,4.23
178,2021-12-26,,21574.7259,860109.6915,92.5645,89.1541,8.1621,26455.1631,76134.2628,6.7921,6.4594,0.8449,442883.1073,19.0664,17.1281,4.128
179,2021-12-27,,21592.8839,857609.054,89.5116,86.2661,7.8951,26489.048,76130.047,6.5865,6.2675,0.8196,445370.8222,18.5974,16.7204,4.0279
