,Date,CumulativeSumAdmitted,SC1-6M-VS1 HSC 9.0%,S-SC1-6M-VS1 HSC 9.0%,E-SC1-6M-VS1 HSC 9.0%,IS-SC1-6M-VS1 HSC 9.0%,IA-SC1-6M-VS1 HSC 9.0%,R-SC1-6M-VS1 HSC 9.0%,V1-SC1-6M-VS1 HSC 9.0%,Ev1-SC1-6M-VS1 HSC 9.0%,ISv1-SC1-6M-VS1 HSC 9.0%,IAv1-SC1-6M-VS1 HSC 9.0%,V2-SC1-6M-VS1 HSC 9.0%,Ev2-SC1-6M-VS1 HSC 9.0%,ISv2-SC1-6M-VS1 HSC 9.0%,IAv2-SC1-6M-VS1 HSC 9.0%
0,2021-07-01,40602.0,40582.0,1640388.0,531.0,800.0,50.0,39805.0,99440.0,29.0,1.0,3.0,37556.0,7.0,5.0,1.0
1,2021-07-02,40751.0,40670.5788,1638378.3703,673.1936,771.9795,50.4186,39935.2978,99416.5679,35.8824,6.3057,3.2876,39314.7763,8.1473,5.3017,1.193
2,2021-07-03,40855.0,40758.1922,1636371.1529,787.6271,768.3782,54.3837,40066.4223,99393.2422,41.4281,11.6867,3.7202,41073.3804,9.1794,5.7269,1.3957
3,2021-07-04,40968.0,40847.2269,1634358.998,885.9539,782.6588,60.0405,40199.9768,99369.6483,46.2171,17.0178,4.209,42831.7326,10.189,6.2499,1.6005
4,2021-07-05,41125.0,40939.4232,1632336.7367,975.7535,810.3855,66.4541,40337.2531,99345.5215,50.6249,22.2409,4.7134,44589.7685,11.2387,6.8561,1.8075
5,2021-07-06,41252.0,41036.0957,1630300.5776,1061.9924,848.5894,73.1938,40479.3524,99320.6672,54.8965,27.342,5.2186,46347.4321,12.3716,7.5396,2.0206
6,2021-07-07,41345.0,41138.2839,1628247.5838,1147.9686,895.321,80.0964,40627.2636,99294.9335,59.1936,32.3345,5.7226,48104.673,13.6183,8.3006,2.2446
7,2021-07-08,41453.0,41246.8545,1626175.3339,1235.919,949.3379,87.1346,40781.9143,99268.1946,63.6254,37.2485,6.2292,49861.4431,15.0019,9.1438,2.4846
8,2021-07-09,41558.0,41362.5713,1624081.7016,1327.4105,1009.8885,94.3447,40944.2054,99240.3396,68.2679,42.1234,6.7446,51617.6947,16.5408,10.0764,2.7455
9,2021-07-10,41710.0,41486.142,1621964.7112,1423.5911,1076.5627,101.7891,41115.033,99211.2645,73.177,47.0025,7.2754,53373.3788,18.2511,11.1078,3.0317
10,2021-07-11,41918.0,41618.2514,1619822.4427,1525.3513,1149.1899,109.5379,41295.3054,99180.8685,78.396,51.9311,7.8279,55128.4446,20.1481,12.2488,3.347
11,2021-07-12,42089.0,41759.5834,1617652.9689,1633.4277,1227.7697,117.6601,41485.9545,99149.0495,83.9611,56.9539,8.4079,56882.8379,22.247,13.5111,3.6953
12,2021-07-13,42334.0,41910.8375,1615454.3122,1748.4696,1312.4249,126.2206,41687.9449,99115.7028,89.9046,62.1145,9.0204,58636.5012,24.5635,14.907,4.0799
13,2021-07-14,42400.0,42072.7394,1613224.4144,1871.0819,1403.3705,135.28,41902.2809,99080.7192,96.2571,67.4551,9.6702,60389.3722,27.1146,16.4497,4.5045
14,2021-07-15,42548.0,42246.0507,1610961.1146,2001.8536,1500.8916,144.8951,42130.0139,99043.9837,103.0488,73.0162,10.3615,62141.384,29.9184,18.1531,4.9724
15,2021-07-16,42762.0,42431.575,1608662.1322,2141.3755,1605.331,155.1202,42372.247,99005.3748,110.3102,78.8372,11.0984,63892.4644,32.9949,20.0318,5.4874
16,2021-07-17,42904.0,42630.1636,1606325.053,2290.2527,1717.0794,166.0081,42630.1418,98964.7638,118.0733,84.9564,11.8847,65642.5352,36.3656,22.1014,6.0534
17,2021-07-18,43052.0,42842.721,1603947.3171,2449.1128,1836.5701,177.6112,42904.9228,98922.0139,126.3711,91.4112,12.7243,67391.5117,40.054,24.3784,6.6744
18,2021-07-19,43374.0,43070.2087,1601526.2078,2618.6122,1964.2763,189.9826,43197.8837,98876.9796,135.2387,98.2388,13.6211,69139.3024,44.0855,26.8804,7.3548
19,2021-07-20,43561.0,43313.6503,1599058.8413,2799.44,2100.7086,203.1763,43510.3925,98829.5066,144.713,105.4762,14.5793,70885.8084,48.4879,29.6265,8.0996
20,2021-07-21,43976.0,43574.1354,1596542.1553,2992.3221,2246.4146,217.2485,43843.8977,98779.4303,154.8333,113.161,15.6028,72630.9225,53.2911,32.6368,8.9139
21,2021-07-22,44234.0,43852.824,1593972.9004,3198.023,2401.9794,232.2575,44199.9336,98726.5763,165.6411,121.3312,16.6962,74374.5291,58.5275,35.9334,9.8032
22,2021-07-23,44564.0,44150.9509,1591347.628,3417.349,2568.026,248.2644,44580.1267,98670.7587,177.18,130.0258,17.864,76116.5032,64.232,39.5397,10.7737
23,2021-07-24,44895.0,44469.8305,1588662.6808,3651.1503,2745.2155,265.333,44986.2023,98611.7806,189.4967,139.2848,19.111,77856.7097,70.4425,43.4811,11.8319
24,2021-07-25,45224.0,44810.8616,1585914.1807,3900.3226,2934.2494,283.5308,45419.9909,98549.4324,202.6402,149.1498,20.4424,79595.003,77.1993,47.7849,12.9849
25,2021-07-26,45534.0,45175.5321,1583098.0189,4165.8092,3135.8702,302.9285,45883.4348,98483.4919,216.6624,159.6639,21.8634,81331.2258,84.5462,52.4806,14.2403
26,2021-07-27,45919.0,45565.4241,1580209.8438,4448.6024,3350.8632,323.6006,46378.5958,98413.7234,231.618,170.8723,23.3798,83065.2087,92.5301,57.5999,15.6062
27,2021-07-28,46089.0,45982.2196,1577245.05,4749.7455,3580.0574,345.6254,46907.6623,98339.8768,247.5646,182.8218,24.9976,84796.7692,101.2012,63.1769,17.0916
28,2021-07-29,46424.0,46427.7059,1574198.7659,5070.3335,3824.3279,369.0852,47472.9569,98261.6873,264.5631,195.5618,26.7231,86525.7106,110.6135,69.2484,18.7058
29,2021-07-30,46859.0,46903.7812,1571065.8428,5411.5151,4084.5966,394.0666,48076.9449,98178.8744,282.6773,209.1439,28.5629,88251.8212,120.8247,75.8538,20.4591
30,2021-07-31,47342.0,47412.4617,1567840.8416,5774.4923,4361.8345,420.6605,48722.2431,98091.1412,301.9744,223.6221,30.5241,89974.8736,131.8965,83.0355,22.3623
31,2021-08-01,47792.0,47953.321,1565355.4793,5400.4553,4595.95,436.8308,49409.6423,98042.2207,282.5832,236.0552,31.7528,91715.6605,124.8438,89.7125,23.7084
32,2021-08-02,48166.0,48418.8145,1558570.7753,5125.5435,4831.6725,439.8097,50131.8765,99704.9529,268.7836,248.7643,31.9696,96005.699,120.5049,96.6618,24.2488
33,2021-08-03,48705.0,48903.6576,1551759.9021,4924.2587,4995.8572,434.9144,50881.6532,101365.3071,259.5712,257.953,31.6678,100293.8312,118.5192,102.3428,24.3966
34,2021-08-04,49108.0,49401.7841,1544933.1109,4774.0161,5106.9448,426.6517,51654.141,103023.7836,253.6635,264.5937,31.1755,104580.2711,118.267,107.0863,24.4239
35,2021-08-05,49563.0,49908.7552,1538097.6176,4659.06,5178.7551,417.422,52445.5299,104680.7451,250.1344,269.4341,30.6675,108865.1821,119.2864,111.1779,24.4741
36,2021-08-06,50063.0,50421.3319,1531258.5017,4568.4166,5221.5578,408.4124,53252.7547,106336.4561,248.3143,273.0371,30.2286,113148.6893,121.2343,114.8494,24.6147
37,2021-08-07,50584.0,50937.1546,1524419.3421,4494.453,5242.9344,400.1338,54073.3002,107991.1099,247.719,275.8185,29.8924,117430.889,123.8553,118.2796,24.87
38,2021-08-08,51263.0,51454.5038,1517582.664,4431.8697,5248.454,392.7351,54905.0637,109644.8491,247.9979,278.0795,29.6654,121711.8565,126.9597,121.6006,25.2409
39,2021-08-09,51708.0,51972.1252,1510750.2536,4376.9936,5242.1918,386.1851,55746.2561,111297.78,248.8967,280.0335,29.5396,125991.6508,130.4064,124.9058,25.7167
40,2021-08-10,52037.0,52489.0998,1503923.3796,4327.2838,5227.123,380.3746,56595.3317,112949.9829,250.2305,281.8285,29.5017,130270.3197,134.0902,128.2574,26.2818
41,2021-08-11,52571.0,53004.751,1497102.9475,4280.9872,5205.4165,375.1704,57450.9367,114601.5198,251.8646,283.5632,29.5362,134547.9023,137.9329,131.6939,26.9197
42,2021-08-12,53186.0,53518.5758,1490289.6088,4236.8974,5178.6542,370.4433,58311.8725,116252.4395,253.7006,285.3011,29.6285,138824.4318,141.8758,135.2358,27.6146
43,2021-08-13,53770.0,54030.1963,1483483.836,4194.1883,5147.9904,366.0792,59177.0674,117902.7812,255.6662,287.08,29.7655,143099.9369,145.8747,138.8907,28.3526
44,2021-08-14,54313.0,54539.3242,1476685.9759,4152.2964,5114.2705,361.984,60045.556,119552.5781,257.7082,288.9197,29.9362,147374.443,149.8966,142.657,29.1218
45,2021-08-15,54847.0,55045.7349,1469896.2874,4110.8398,5078.117,358.0823,60916.463,121201.8582,259.7873,290.8275,30.1314,151647.9734,153.9161,146.527,29.9124
46,2021-08-16,55418.0,55549.2503,1463114.9661,4069.5628,5039.9907,354.3158,61788.9911,122850.6467,261.8742,292.8025,30.3437,155920.55,157.9141,150.4892,30.7162
47,2021-08-17,55866.0,56049.7251,1456342.1629,4028.2963,5000.2361,350.6402,62662.4109,124498.9661,263.9469,294.8381,30.5671,160192.1935,161.8756,154.5295,31.5267
48,2021-08-18,56304.0,56547.0382,1449577.9964,3986.9308,4959.1135,347.0225,63536.0529,126146.8376,265.9888,296.9248,30.7969,164462.9239,165.7892,158.633,32.3386
49,2021-08-19,56757.0,57041.0861,1442822.5611,3945.3989,4916.8217,343.4387,64409.3011,127794.2811,267.9876,299.051,31.0296,168732.7607,169.6458,162.7845,33.1478
50,2021-08-20,57339.0,57531.7779,1436075.9344,3903.6604,4873.5158,339.8715,65281.5875,129441.3159,269.9337,301.2042,31.2621,173001.7235,173.4382,166.9689,33.951
51,2021-08-21,57893.0,58019.0325,1429338.1803,3861.6947,4829.3189,336.3088,66152.387,131087.9607,271.8196,303.3723,31.4924,177269.8313,177.1608,171.172,34.7455
52,2021-08-22,58431.0,58502.7759,1422609.3519,3819.4945,4784.33,332.7422,67021.2138,132734.2337,273.6397,305.543,31.7186,181537.1034,180.8088,175.3803,35.5291
53,2021-08-23,58838.0,58982.94,1415889.4943,3777.0613,4738.631,329.1661,67887.6179,134380.1531,275.3896,307.7051,31.9395,185803.559,184.3783,179.5812,36.3002
54,2021-08-24,59209.0,59459.4613,1409178.6453,3734.4029,4692.2908,325.5772,68751.1816,136025.7367,277.0658,309.8479,32.1539,190069.2172,187.8663,183.7634,37.0575
55,2021-08-25,59725.0,59932.2798,1402476.8369,3691.5308,4645.3684,321.9733,69611.5171,137671.0022,278.6656,311.9618,32.361,194334.0974,191.27,187.9164,37.7997
56,2021-08-26,60200.0,60401.339,1395784.0956,3648.4594,4597.9158,318.3537,70468.2639,139315.9674,280.1869,314.0379,32.5603,198598.2189,194.5871,192.0308,38.526
57,2021-08-27,60572.0,60866.585,1389100.4434,3605.2048,4549.9789,314.7182,71321.0868,140960.6498,281.628,316.0682,32.7511,202861.6013,197.8158,196.098,39.2357
58,2021-08-28,60929.0,61327.9663,1382425.8945,3561.7879,4501.5997,311.0671,72169.6732,142605.0665,282.9879,318.0459,32.9332,207124.2639,200.9545,200.1104,39.9281
59,2021-08-29,61363.0,61785.438,1375759.1489,3519.4141,4452.9151,307.4208,73013.7368,144249.1206,284.3692,319.9725,33.1085,211386.1403,204.0798,204.066,40.6057
60,2021-08-30,61752.0,62238.9691,1369101.5193,3476.7059,4404.0216,303.7857,73853.0211,145892.9412,285.6511,321.8479,33.2775,215647.3335,207.1009,207.9624,41.269
61,2021-08-31,62098.0,62688.5294,1362452.9901,3433.7375,4354.9072,300.1493,74687.2886,147536.5436,286.8376,323.6641,33.4385,219907.8617,210.02,211.7927,41.9157
62,2021-09-01,62306.0,63134.083,1355813.5576,3390.5669,4305.5689,296.5054,75516.3106,149179.9432,287.9317,325.414,33.5903,224167.7429,212.8388,215.5508,42.5444
63,2021-09-02,62596.0,63575.604,1351204.1158,3347.6814,4256.0351,292.8563,76339.886,149116.0034,288.6233,327.0764,33.728,228113.1233,215.5287,219.2301,43.1534
64,2021-09-03,62739.0,64013.0569,1346603.2925,3305.4422,4206.4203,289.2203,77157.814,149052.1436,288.6858,328.5762,33.833,232057.8827,218.0689,222.8202,43.7391
65,2021-09-04,63148.0,64446.4131,1342010.5175,3263.7359,4156.8313,285.6099,77969.9127,148988.8451,288.2308,329.8461,33.8938,236002.1266,220.4705,226.3118,44.2994
66,2021-09-05,63524.0,64875.6481,1337425.1967,3223.0033,4107.3907,282.0391,78776.0147,148926.0556,287.3994,330.8447,33.9079,239945.8274,222.7839,229.6999,44.8352
67,2021-09-06,63816.0,65300.7455,1332847.9136,3182.5398,4058.1793,278.5115,79575.9727,148863.8328,286.2069,331.5474,33.8763,243889.0468,224.9687,232.9811,45.347
68,2021-09-07,64065.0,65721.6893,1328278.6497,3142.3126,4009.2129,275.0193,80369.6477,148802.1784,284.7178,331.9391,33.8016,247831.802,227.0331,236.1506,45.8341
69,2021-09-08,64298.0,66138.4639,1323717.3867,3102.2954,3960.4979,271.5569,81156.9117,148741.0941,282.9842,332.0165,33.6876,251774.1097,228.9836,239.2052,46.2969
70,2021-09-09,64592.0,66551.0534,1319164.1061,3062.4664,3912.0349,268.1198,81937.6448,148680.5815,281.049,331.7845,33.5387,255715.9871,230.8254,242.1428,46.7357
71,2021-09-10,64823.0,66959.4424,1314618.7884,3022.8089,3863.8201,264.7045,82711.7358,148620.6423,278.9471,331.2541,33.3595,259657.4512,232.5627,244.9623,47.1512
72,2021-09-11,65092.0,67363.6161,1310081.3975,2983.3257,3815.8474,261.3083,83479.0812,148561.2765,276.709,330.4404,33.1542,263598.5177,234.2004,247.6636,47.5441
73,2021-09-12,65321.0,67763.5615,1305551.6596,2944.2303,3768.1321,257.9336,84239.5862,148502.4616,274.3794,329.3633,32.9272,267539.1815,235.761,250.2483,47.916
74,2021-09-13,65487.0,68159.2693,1301029.8173,2905.2338,3720.6761,254.5794,84993.1657,148444.224,271.9511,328.0428,32.682,271479.4825,237.2224,252.7182,48.2678
75,2021-09-14,65614.0,68550.7305,1296515.8387,2866.3469,3673.4618,251.2418,85739.7411,148386.5643,269.4414,326.498,32.4212,275419.437,238.5878,255.0738,48.5994
76,2021-09-15,65802.0,68937.9368,1292009.6933,2827.5771,3626.4746,247.9183,86479.2394,148329.4831,266.8645,324.7478,32.1471,279359.0616,239.8597,257.316,48.9109
77,2021-09-16,66037.0,69320.8803,1287511.3498,2788.931,3579.7026,244.6076,87211.5935,148272.981,264.2321,322.8109,31.8618,283298.3725,241.0402,259.4458,49.2029
78,2021-09-17,66307.0,69699.5538,1283020.7759,2750.4156,3533.1365,241.3091,87936.7415,148217.0583,261.5538,320.7051,31.567,287237.3863,242.1311,261.4645,49.4754
79,2021-09-18,66542.0,70073.9511,1278537.936,2712.039,3486.769,238.0224,88654.6266,148161.7154,258.8377,318.4474,31.2644,291176.119,243.1339,263.3734,49.7289
80,2021-09-19,66720.0,70444.0676,1274062.6805,2673.9115,3440.6039,234.7493,89365.1971,148106.9411,256.1007,316.0545,30.9553,295114.5755,244.0602,265.1743,49.9641
81,2021-09-20,,70809.9007,1269595.0845,2635.9191,3394.644,231.4906,90068.4078,148052.7465,253.3366,313.5416,30.6411,299052.7828,244.8996,266.8692,50.1815
82,2021-09-21,,71171.4491,1265135.1114,2598.0711,3348.8837,228.2455,90764.2188,147999.1314,250.5502,310.9214,30.3224,302990.7565,245.6533,268.4594,50.3809
83,2021-09-22,,71528.7121,1260682.7182,2560.3791,3303.3194,225.0137,91452.5915,147946.0955,247.7462,308.2066,30.0001,306928.5126,246.3227,269.9458,50.5626
84,2021-09-23,,71881.6901,1256237.8629,2522.8532,3257.9501,221.7952,92133.4939,147893.6381,244.928,305.408,29.6746,310866.0664,246.9092,271.3299,50.7266
85,2021-09-24,,72230.3847,1251800.5016,2485.5027,3212.7765,218.5906,92806.8969,147841.7587,242.099,302.5356,29.3466,314803.4332,247.4139,272.6126,50.8733
86,2021-09-25,,72574.7983,1247370.5871,2448.3383,3167.8007,215.4003,93472.7753,147790.4562,239.2619,299.5985,29.0166,318740.6279,247.8381,273.7953,51.0027
87,2021-09-26,,72914.9346,1242948.0281,2411.4094,3123.029,212.2256,94131.1076,147739.7252,236.4231,296.6051,28.685,322677.6605,248.1876,274.8794,51.1154
88,2021-09-27,,73250.7993,1238532.8108,2374.6844,3078.4698,209.0676,94781.8766,147689.5681,233.5808,293.5633,28.3523,326614.5494,248.4589,275.8665,51.2115
89,2021-09-28,,73582.3992,1234124.8969,2338.1613,3034.1263,205.9265,95425.0685,147639.9845,230.7357,290.4796,28.0187,330551.3105,248.6521,276.7577,51.2913
90,2021-09-29,,73909.7418,1229724.2345,2301.8502,2990.0024,202.8024,96060.6725,147590.9731,227.8897,287.3596,27.6844,334487.9578,248.7684,277.5541,51.3548
91,2021-09-30,,74232.8361,1225330.771,2265.7603,2946.1032,199.6959,96688.6811,147542.5323,225.0445,284.2088,27.3498,338424.5054,248.809,278.2568,51.4022
92,2021-10-01,,74551.6916,1220944.4526,2229.8998,2902.4344,196.6075,97309.0895,147494.6602,222.2014,281.0319,27.0149,342360.9672,248.7752,278.8669,51.4337
93,2021-10-02,,74866.3193,1216565.2222,2194.2791,2859.0021,193.5379,97921.8958,147447.3549,219.3619,277.8332,26.6799,346297.3566,248.6684,279.3856,51.4496
94,2021-10-03,,75178.63,1211523.5526,2765.823,2865.4719,200.2902,98528.9305,147332.3896,278.3807,279.3397,27.6931,350150.7406,323.7051,284.3459,54.3217
95,2021-10-04,,75497.1229,1206461.8549,3252.5895,2954.5212,220.0253,99138.5466,147214.9901,328.9616,288.8301,30.5122,353999.3934,389.3485,297.5131,61.0705
96,2021-10-05,,75829.8993,1201351.3397,3695.9049,3107.1731,246.4604,99759.1754,147092.1856,375.3138,304.6499,34.2891,357839.5447,450.7045,317.8391,69.9377
97,2021-10-06,,76183.3374,1196170.5609,4123.0006,3311.0151,276.4601,100398.0288,146961.73,420.2311,325.6864,38.5966,361668.2057,511.2505,344.4941,80.0484
98,2021-10-07,,76562.7151,1190902.5721,4552.1273,3558.2197,308.6207,101061.6184,146821.8182,465.6051,351.2258,43.2414,365482.8489,573.4195,376.8988,91.0227
99,2021-10-08,,76972.6436,1185533.0794,4995.8458,3844.1577,342.463,101756.0976,146670.9008,512.7549,380.8452,48.1576,369281.1939,638.9819,414.7106,102.7519
100,2021-10-09,,77417.369,1180049.2419,5463.1375,4166.4355,377.9819,102487.4913,146507.5619,562.6407,414.3332,53.3455,373061.0638,709.2957,457.7937,115.2707
101,2021-10-10,,77900.9847,1174438.8893,5960.7576,4524.2311,415.4001,103261.8545,146330.4402,616.0006,451.6335,58.8385,376820.2859,785.4697,506.1851,128.6867
102,2021-10-11,,78427.5813,1168690.0084,6494.1009,4917.8396,455.0383,104085.3858,146138.1746,673.4391,492.8036,64.685,380556.6232,868.4711,560.0646,143.1428
103,2021-10-12,,79001.3546,1162790.4037,7067.7539,5348.3635,497.2511,104964.5131,145929.3689,735.4835,537.9869,70.9392,384267.7243,959.1961,619.7302,158.7981
104,2021-10-13,,79626.6852,1156727.4712,7685.845,5817.503,542.3971,105905.9612,145702.5669,802.6202,587.3925,77.657,387951.0865,1058.5162,685.5786,175.8197
105,2021-10-14,,80308.1988,1150488.0472,8352.2634,6327.4153,590.8284,106916.8079,145456.2349,875.3179,641.2817,84.8945,391604.0261,1167.3095,758.0918,194.379
106,2021-10-15,,81050.8143,1144058.3022,9070.799,6880.6162,642.887,108004.535,145188.749,954.0424,699.9588,92.7074,395223.6536,1286.4817,837.8276,214.6519
107,2021-10-16,,81859.7831,1137423.6733,9845.2203,7479.9169,698.9081,109177.0737,144898.386,1039.2653,763.7646,101.151,398806.8529,1416.98,925.4132,236.8197
108,2021-10-17,,82740.7222,1130568.8187,10679.3197,8128.3778,759.2215,110442.8483,144583.3161,1131.4692,833.0725,110.2813,402350.2625,1559.8031,1021.5421,261.0707
109,2021-10-18,,83699.6442,1123477.5911,11576.9326,8829.2747,824.1553,111810.8182,144241.5978,1231.1506,908.2852,120.1546,405850.257,1716.0075,1126.9721,287.6012
110,2021-10-19,,84742.983,1116133.0289,12541.938,9586.0736,894.0373,113290.5176,143871.1746,1338.8207,989.8328,130.8284,409302.9318,1886.7122,1242.5251,316.6175
111,2021-10-20,,85877.6188,1108517.3615,13578.2454,10402.408,969.1963,114892.0949,143469.8723,1455.0046,1078.1708,142.3614,412704.0876,2073.1006,1369.0873,348.3368
112,2021-10-21,,87110.9001,1100612.0298,14689.7703,11282.0559,1049.9624,116626.352,143035.3983,1580.2393,1173.7789,154.8136,416049.2155,2276.4225,1507.61,382.9881
113,2021-10-22,,88450.6643,1092397.7257,15880.3971,12228.9172,1136.6663,118504.7803,142565.3429,1715.071,1277.1587,168.2463,419333.4852,2497.993,1659.1109,420.8129
114,2021-10-23,,89905.2549,1083854.4472,17153.9344,13246.9871,1229.6372,120539.5956,142057.1818,1860.0507,1388.8323,182.7222,422551.7333,2739.1904,1824.6745,462.0653
115,2021-10-24,,91483.5371,1074961.5756,18514.0589,14340.3252,1329.2003,122743.77,141508.2807,2015.729,1509.3395,198.3045,425698.455,3001.4535,2005.453,507.0122
116,2021-10-25,,93194.909,1065697.9743,19964.2491,15513.0189,1435.6736,125131.0605,140915.9026,2182.65,1639.2348,215.0569,428767.7976,3286.2753,2202.6659,555.933
117,2021-10-26,,95049.3099,1056042.1128,21507.7083,16769.1407,1549.3628,127716.0336,140277.218,2361.3428,1779.0841,233.0432,431753.5581,3595.1962,2417.599,609.1188
118,2021-10-27,,97057.2227,1045972.2188,23147.277,18112.6975,1670.5569,130514.0843,139589.3169,2552.3134,1929.4599,252.3259,434649.1841,3929.794,2651.6027,666.8716
119,2021-10-28,,99229.6715,1035466.4566,24885.3345,19547.5727,1799.5211,133541.4485,138849.2257,2756.0335,2090.936,272.9662,437447.7796,4291.6722,2906.0889,729.5027
120,2021-10-29,,101578.2121,1024503.1432,26723.6875,21077.4578,1936.4903,136815.2082,138053.9265,2972.929,2264.0807,295.0222,440142.1168,4682.4441,3182.5258,797.3307
121,2021-10-30,,104114.9138,1013061.0034,28663.4455,22705.7724,2081.6604,140353.2869,137200.3823,3203.3662,2449.4498,318.5484,442724.6542,5103.7146,3482.4319,870.6792
122,2021-10-31,,106852.3338,1001119.4409,30704.8963,24435.5794,2235.1796,144174.4344,136285.5642,3447.6369,2647.5769,343.5937,445187.5622,5557.0589,3807.367,949.8737
123,2021-11-01,,109803.4796,988658.8592,32847.3644,26269.4876,2397.1384,148298.1985,135306.4839,3705.9429,2858.9643,370.2004,447522.7561,6043.9974,4158.9225,1035.2381
124,2021-11-02,,112981.7612,975661.0179,35089.0628,28209.5433,2567.5595,152744.8837,134260.2321,3978.3772,3084.0708,398.4025,449721.9399,6565.9659,4538.7071,1127.0901
125,2021-11-03,,116400.9294,962109.4186,37426.9445,30257.1124,2746.3856,157535.4932,133144.0201,4264.9062,3323.2991,428.2232,451776.6591,7124.2831,4948.3316,1225.7365
126,2021-11-04,,120075.001,947989.7224,39856.5516,32412.7547,2933.4682,162691.6529,131955.2269,4565.3496,3576.9817,459.6739,453678.3643,7720.1138,5389.3895,1331.4669
127,2021-11-05,,124018.1677,933290.1938,42371.8686,34676.091,3128.555,168235.5163,130691.4503,4879.3609,3845.3652,492.7513,455418.4876,8354.4276,5863.4349,1444.5479
128,2021-11-06,,128244.6901,918002.1626,44965.1858,37045.6643,3331.2783,174189.6479,129350.5621,5206.4073,4128.5943,527.4358,456988.5288,9027.9555,6371.9574,1565.2151
129,2021-11-07,,132768.7735,902120.4976,47626.9768,39518.7993,3541.1428,180576.8839,127930.766,5545.751,4426.6936,563.6888,458380.1557,9741.1428,6916.3527,1693.6654
130,2021-11-08,,137604.4272,885644.079,50345.7997,42091.4626,3757.5151,187420.1694,126430.6585,5896.431,4739.5504,601.4507,459585.315,10494.0997,7497.8908,1830.0482
131,2021-11-09,,142765.3057,868576.2593,53108.2278,44758.128,3979.6139,194742.37,124849.2902,6257.2481,5066.8956,640.6389,460596.3549,11286.5511,8117.6804,1974.4564
132,2021-11-10,,148264.5321,850925.2986,55898.8171,47511.6512,4206.5021,202566.0587,123186.2278,6626.7525,5408.2856,681.1457,461406.1583,12117.7859,8776.6298,2126.9162
133,2021-11-11,,154114.5108,832704.7434,58700.1216,50343.1631,4437.082,210913.2828,121441.6112,7003.236,5763.0859,722.8368,462008.2812,12986.6091,9475.4075,2287.378
134,2021-11-12,,160326.721,813933.7547,61492.7624,53241.9812,4670.0927,219805.3039,119616.2093,7384.7293,6130.454,765.5495,462397.1005,13891.2959,10214.3987,2455.7061
135,2021-11-13,,166911.4962,794637.3622,64255.5545,56195.5476,4904.1113,229262.3121,117711.4692,7769.0046,6509.3262,809.0923,462567.9661,14829.5504,10993.6608,2631.6693
136,2021-11-14,,173877.7984,774846.6109,66965.6996,59189.4061,5137.5595,239303.1278,115729.5566,8153.5866,6898.4058,853.2446,462517.3518,15798.4728,11812.8793,2814.9319
137,2021-11-15,,181232.9868,754598.5961,69599.0483,62207.2171,5368.7132,249944.886,113673.3854,8535.77,7296.1566,897.7568,462243.0013,16794.5354,12671.3249,3005.0458
138,2021-11-16,,188982.5852,733936.3699,72130.4318,65230.8203,5595.7188,261202.7112,111546.6345,8912.6463,7700.7993,942.3513,461744.0679,17813.5713,13567.8124,3201.4443
139,2021-11-17,,197130.0543,712908.7093,74534.0587,68240.3482,5816.6136,273089.3875,109353.7508,9281.1384,8110.3142,986.7251,461021.2403,18850.775,14500.664,3403.4373
140,2021-11-18,,205676.5744,691569.7385,76783.9724,71214.3954,6029.3529,285615.0303,107099.935,9638.0438,8522.4494,1030.5521,460076.8519,19900.7205,15467.6772,3610.2088
141,2021-11-19,,214620.8457,669978.4039,78854.5586,74130.2434,6231.8408,298786.7681,104791.1112,9980.0856,8934.7349,1073.4871,458914.9674,20957.395,16466.1012,3820.8175
142,2021-11-20,,223958.9109,648197.8084,80721.089,76964.1425,6421.9667,312608.4417,102433.8777,10303.9705,9344.5044,1115.1706,457541.4428,22014.2514,17492.6205,4034.1997
143,2021-11-21,,233684.009,626294.4143,82360.2842,79691.6468,6597.6451,327080.3284,100035.4419,10606.4512,9748.9232,1155.234,455963.9558,23064.2783,18543.35,4249.1758
144,2021-11-22,,243786.4643,604337.1348,83750.8766,82287.9959,6756.8584,342198.9012,97603.5367,10884.3938,10145.0233,1193.3063,454192.0014,24100.0883,19613.8413,4464.4602
145,2021-11-23,,254253.6181,582396.3366,84874.15,84728.5371,6897.7009,357956.6296,95146.3239,11134.8453,10529.7438,1229.0203,452236.8531,25114.0219,20699.1021,4678.6748
146,2021-11-24,,265069.8064,560542.7962,85714.4307,86989.1694,7018.4225,374341.8315,92672.2855,11355.0999,10899.9774,1262.0205,450111.4885,26098.2645,21793.6283,4890.3646
147,2021-11-25,,276216.3874,538846.6012,86259.5255,89046.8164,7117.4717,391338.5765,90190.1032,11542.763,11252.6216,1291.9698,447830.4764,27044.9781,22891.4508,5098.0187
148,2021-11-26,,287671.8259,517376.0379,86501.0789,90879.9067,7193.5362,408926.6545,87708.529,11695.8105,11584.6338,1318.5576,445409.8269,27946.4424,23986.1983,5300.0923
149,2021-11-27,,299411.8274,496196.6167,86434.7853,92468.8059,7245.5747,427081.6141,85236.2648,11812.6326,11893.0854,1341.506,442866.8183,28795.1885,25071.1684,5495.0315
150,2021-11-28,,311409.526,475370.1058,86060.5295,93796.2356,7272.8447,445774.8634,82781.836,11892.0736,12175.2156,1360.5762,440219.7935,29584.1392,26139.4129,5681.2987
151,2021-11-29,,323635.7211,454953.6623,85382.4055,94847.6551,7274.9227,464973.837,80353.4705,11933.4581,12428.4854,1375.5742,437487.9324,30306.745,27183.833,5857.3993
152,2021-11-30,,336059.1596,434999.1173,84408.5982,95611.5791,7251.7169,484642.2281,77958.9896,11936.6031,12650.6273,1386.3547,434691.0125,30957.105,28197.2816,6021.9095
153,2021-12-01,,348646.8583,415552.4029,83151.1607,96079.8201,7203.4687,504740.2844,75605.7106,11901.8166,12839.6881,1392.8247,431849.1601,31530.0753,29172.6716,6173.5009
154,2021-12-02,,361364.4578,396653.1384,81625.6863,96247.6522,7130.746,525225.1579,73300.3636,11829.8835,12994.0659,1394.9447,428982.5989,32021.359,30103.085,6310.965
155,2021-12-03,,374176.6003,378334.3804,79850.8896,96113.8924,7034.4284,546051.3031,71049.0263,11722.0388,13112.5388,1392.7296,426111.4055,32427.5748,30981.8816,6433.2345
156,2021-12-04,,387047.3222,360622.5328,77848.1215,95680.8919,6915.6832,567170.9148,68857.0753,11579.9291,13194.2841,1386.2468,423255.2754,32746.3024,31802.8033,6539.4016
157,2021-12-05,,399940.452,343537.4068,75640.8337,94954.445,6775.9351,588534.3946,66729.1552,11405.5661,13238.8887,1375.6146,420433.3054,32976.1052,32560.072,6628.7317
158,2021-12-06,,412820.005,327092.4184,73254.018,93943.6172,6616.8303,610090.8382,64669.1658,11201.2717,13246.3493,1360.998,417663.799,33116.5284,33248.4768,6700.6742
159,2021-12-07,,425650.5645,311294.9017,70713.6413,92660.5024,6440.1961,631788.5302,62680.2643,10969.6196,13217.0636,1342.604,414964.0955,33168.075,33863.4498,6754.868
160,2021-12-08,,438397.6435,296146.5201,68046.0953,91119.9196,6247.9981,653575.4392,60764.8832,10713.3734,13151.8132,1320.6765,412350.4277,33132.1611,34401.1278,6791.1429
161,2021-12-09,,451028.0175,281643.7499,65277.6802,89339.0612,6042.2971,675399.701,58924.7595,10435.4252,13051.7376,1295.4898,409837.8073,33011.0536,34858.3988,6809.5167
162,2021-12-10,,463510.0249,267778.4164,62434.1352,87337.1063,5825.2054,697210.0822,57160.9751,10138.7357,12918.3028,1267.3424,407439.9405,32807.7924,35232.9325,6810.1885
163,2021-12-11,,475813.8288,254538.2602,59540.2265,85134.8128,5598.8465,718956.4168,55474.0051,9826.2782,12753.2638,1236.5502,405169.1703,32526.1015,35523.1949,6793.5281
164,2021-12-12,,487911.6377,241907.5149,56619.4015,82754.1017,5365.3168,740590.0086,53863.7712,9500.9876,12558.6236,1203.4401,403036.4472,32170.2919,35728.4469,6760.0629
165,2021-12-13,,499777.8846,229867.4817,53693.5079,80217.643,5126.6514,762063.9967,52329.7002,9165.7144,12336.5891,1168.3438,401051.3231,31745.1593,35848.728,6710.4614
166,2021-12-14,,511389.3571,218397.0691,50782.5904,77548.4696,4884.7959,783333.6672,50870.7814,8823.1879,12089.5275,1131.592,399221.9676,31255.8835,35884.827,6645.5166
167,2021-12-15,,522725.2931,207473.3201,47904.7426,74769.6016,4641.5813,804356.7329,49485.6264,8475.9839,11819.9212,1093.5095,397555.2025,30707.9257,35838.24,6566.1262
168,2021-12-16,,533767.432,197071.8981,45076.0226,71903.7045,4398.7048,825093.5639,48172.5274,8126.4999,11530.3241,1054.4099,396056.5531,30106.9306,35711.1188,6473.2738
169,2021-12-17,,544500.0271,187167.526,42310.4291,68972.7884,4157.7158,845507.3677,46929.5125,7776.9379,11223.3206,1014.5925,394730.3125,29458.6346,35506.2097,6368.0088
170,2021-12-18,,554909.8227,177734.3624,39619.9214,65997.9586,3920.0072,865564.3194,45754.3952,7429.2935,10901.4892,974.3389,393579.6127,28768.7855,35226.7889,6251.4285
171,2021-12-19,,564986.0023,168746.3576,37014.4801,62999.189,3686.81,885233.6594,44644.8244,7085.3497,10567.3667,933.9106,392606.5076,28043.0647,34876.5905,6124.6586
172,2021-12-20,,574720.1071,160177.5413,34502.2011,59995.1554,3459.1928,904487.7405,43598.3264,6746.6767,10223.4189,893.5472,391812.0571,27287.0229,34459.7344,5988.8376
173,2021-12-21,,584105.9333,152002.2715,32089.4123,57003.1051,3238.0645,923302.0406,42612.3437,6414.6355,9872.015,853.4657,391196.4143,26506.025,33980.6528,5845.1007
174,2021-12-22,,593139.4106,144195.4388,29780.8097,54038.7674,3024.1795,941655.14,41684.2691,6090.3852,9515.406,813.8597,390758.9136,25705.2039,33444.0183,5694.5663
175,2021-12-23,,601818.4663,136732.6325,27579.6036,51116.3006,2818.1456,959528.669,40811.475,5774.8926,9155.708,774.8993,390498.1569,24889.4246,32854.6745,5538.3244
176,2021-12-24,,610142.8783,129590.2699,25487.671,48248.2726,2620.4337,976907.2273,39991.3387,5468.9447,8794.8896,736.7322,390412.0982,24063.2562,32217.5698,5377.4258
177,2021-12-25,,618114.1221,122745.6944,23505.7086,45445.671,2431.388,993778.2818,39221.2639,5173.1619,8434.7626,699.4838,390498.1236,23230.9528,31537.6963,5212.8747
178,2021-12-26,,625735.2133,116177.2462,21633.3836,42717.9373,2251.2375,1010132.0449,38498.6978,4888.0122,8076.977,663.2588,390753.128,22396.4414,30820.0336,5045.6211
179,2021-12-27,,633010.5547,109864.3074,19869.4739,40073.0205,2080.1079,1025961.3422,37821.1454,4613.8255,7723.019,628.142,391173.5848,21563.3164,30069.4998,4876.557
180,2021-12-28,,639945.7654,103787.3322,18212.0188,37517.4534,1918.0341,1041261.4509,37186.1819,4350.81,7374.2113,594.2003,391755.6186,20734.8391,29290.9025,4706.5115
181,2021-12-29,,646547.5396,97927.8534,16658.4338,35056.4355,1764.9713,1056029.9515,36591.4605,4099.0652,7031.7166,561.484,392495.0618,19913.9432,28488.9044,4536.2499
182,2021-12-30,,652823.5004,92268.4772,15205.6246,32693.9272,1620.8062,1070266.5656,36034.7183,3858.5952,6696.5432,530.0284,393387.5101,19103.2429,27667.9914,4366.4725
183,2021-12-31,,658782.0566,86792.8689,13850.1022,30432.7458,1485.3669,1083972.9882,35513.7817,3629.3233,6369.5505,499.8551,394428.3748,18305.0453,26832.444,4197.8144
184,2022-01-01,,664432.2705,81485.7286,12588.0735,28274.6716,1358.4338,1097152.7198,35026.5689,3411.1033,6051.4575,470.9741,395612.9291,17521.3642,25986.3169,4030.8464
185,2022-01-02,,669783.7335,76332.7594,11415.5244,26220.552,1239.7482,1109810.9008,34571.0914,3203.7312,5742.8521,443.3849,396936.349,16753.9357,25133.423,3866.0773
186,2022-01-03,,674846.4528,71320.631,10328.294,24270.4027,1129.0207,1121954.1496,34145.4543,3006.955,5444.1997,417.078,398393.7497,16004.2362,24277.3224,3703.9558
187,2022-01-04,,679630.7458,66436.9399,9322.1371,22423.5086,1025.938,1133590.4032,33747.8555,2820.4845,5155.8537,392.0362,399980.2179,15273.4996,23421.3156,3544.8731
188,2022-01-05,,684147.1442,61670.1662,8392.7779,20678.5185,930.1702,1144728.7651,33376.5846,2643.9991,4878.0654,368.236,401690.8404,14562.7361,22568.4401,3389.1664
189,2022-01-06,,688406.3081,57009.6301,7535.9559,19033.5366,841.376,1155379.3589,33030.0204,2477.1555,4610.9933,345.6485,403520.7286,13872.7504,21721.4714,3237.1221
190,2022-01-07,,692418.9483,52445.447,6747.4631,17486.2066,759.2076,1165553.1889,32706.629,2319.5938,4354.7138,324.2405,405465.0397,13204.1592,20882.9257,3088.9788
191,2022-01-08,,696195.7583,47968.4831,6023.1754,16033.7906,683.3155,1175262.009,32404.9603,2170.9431,4109.2296,303.9757,407518.9952,12557.4094,20055.0663,2944.9318
192,2022-01-09,,699747.3539,43570.3109,5359.0767,14673.241,613.3514,1184518.1993,32123.6457,2030.8265,3874.4792,284.8148,409677.8965,11932.7944,19239.9106,2805.1356
193,2022-01-10,,703084.221,39243.1667,4751.2786,13401.2664,548.9714,1193334.651,31861.3942,1898.8648,3650.3452,266.717,411937.1377,11330.4702,18439.2404,2669.7081
194,2022-01-11,,706216.6708,34979.9085,4196.0353,12214.3901,489.8387,1201724.6599,31616.9892,1774.6804,3436.6623,249.64,414292.2164,10750.4709,17654.612,2538.7337
195,2022-01-12,,709154.8015,30773.9755,3689.7538,11109.0035,435.6253,1209701.828,31389.2854,1657.8996,3233.2243,233.5409,416738.7428,10192.7223,16887.3681,2412.2668
196,2022-01-13,,711908.4669,26619.3497,3229.0017,10081.4122,386.0136,1217279.9729,31177.2051,1548.1553,3039.7912,218.3767,419272.4467,9657.0555,16138.6505,2290.3344
197,2022-01-14,,714487.2498,22510.5187,2810.5114,9127.8771,340.6977,1224473.0463,30979.735,1445.0886,2856.0952,204.1041,421889.1827,9143.2189,15409.4124,2172.9399
198,2022-01-15,,716900.4412,18442.4407,2431.1817,8244.6499,299.3841,1231295.0587,30795.9227,1348.3505,2681.8462,190.6807,424584.9345,8650.8898,14700.432,2060.065
199,2022-01-16,,719157.0244,14410.511,2088.0783,7428.0037,261.7923,1237760.0128,30624.874,1257.603,2516.7366,178.0646,427355.818,8179.6843,14012.325,1951.6728
200,2022-01-17,,721265.6624,10410.5306,1778.4319,6674.259,227.6553,1243881.8432,30465.7489,1172.5198,2360.4462,166.2149,430198.0827,7729.1671,13345.5578,1847.7102
201,2022-01-18,,723234.6898,6438.6763,1499.6351,5979.805,196.7196,1249674.363,30317.7594,1092.787,2212.6459,155.0916,433108.1131,7298.8596,12700.4603,1748.11
202,2022-01-19,,725072.1076,2491.4731,1249.2383,5341.1181,168.7452,1255151.2164,30180.1664,1018.1034,2073.001,144.6562,436082.4283,6888.2481,12077.2378,1652.7927
203,2022-01-20,,726785.5807,-1434.2328,1024.9453,4754.7761,143.5059,1260325.8382,30052.2766,948.1808,1941.1744,134.8713,439117.6819,6496.7904,11475.9829,1561.669
204,2022-01-21,,728382.4385,-5341.2978,824.6074,4217.4697,120.7883,1265211.4171,29933.4403,882.744,1816.8292,125.7011,442210.6603,6123.9221,10896.6873,1474.6408
205,2022-01-22,,729869.6766,-9232.3046,646.2174,3726.0116,100.392,1269820.866,29823.0486,821.5305,1699.6308,117.111,445358.2817,5769.0621,10339.2514,1391.6031
206,2022-01-23,,731253.9617,-13109.5835,487.9041,3277.3426,82.1291,1274166.7951,29720.531,764.2909,1589.2489,109.0681,448557.5934,5431.6176,9803.4958,1312.4453
207,2022-01-24,,732541.6364,-16975.2326,347.9253,2868.5364,65.824,1278261.4911,29625.3535,710.7879,1485.359,101.5409,451805.7697,5110.9885,9289.1694,1237.0524
208,2022-01-25,,733738.7268,-20831.1367,224.6616,2496.8018,51.3122,1282116.8991,29537.0158,660.7966,1387.6438,94.4991,455100.1091,4806.5709,8795.9595,1165.3062
209,2022-01-26,,734850.95,-24678.9847,116.6101,2159.4845,38.4408,1285744.6088,29455.0499,614.1039,1295.794,87.9143,458438.0309,4517.7611,8323.4991,1097.0861
210,2022-01-27,,735883.7232,-28520.2859,22.3777,1854.0661,27.067,1289155.8435,29379.0178,570.508,1209.5094,81.7593,461817.073,4243.9576,7871.375,1032.2703
211,2022-01-28,,736842.1731,-32356.385,-59.3246,1578.1636,17.0583,1292361.4526,29308.5098,529.8181,1128.4995,76.0081,465234.8874,3984.5646,7439.1348,970.7361
212,2022-01-29,,737731.1454,-36188.4767,-129.6884,1329.5268,8.2917,1295371.9061,29243.1428,491.8541,1052.4838,70.6363,468689.2376,3738.9933,7026.2932,912.3608
213,2022-01-30,,738555.216,-40017.6181,-189.8132,1106.0354,0.6533,1298197.2922,29182.5586,456.4459,981.1923,65.6208,472177.9948,3506.6644,6632.3379,857.0226
214,2022-01-31,,739318.7006,-43844.7412,-240.7126,905.696,-5.9626,1300847.3166,29126.4223,423.4329,914.3656,60.9395,475699.1343,3287.0093,6256.735,804.6004
215,2022-02-01,,740025.6659,-47670.6641,-283.3194,726.6374,-11.6533,1303331.3035,29074.4213,392.664,851.7551,56.572,479250.7317,3079.4716,5898.9339,754.9749
216,2022-02-02,,740679.9403,-51496.1014,-318.4911,567.107,-16.509,1305658.199,29026.2632,363.9967,793.1229,52.4984,482830.9599,2883.508,5558.3716,708.0287
217,2022-02-03,,741285.124,-55321.6735,-347.0145,425.4657,-20.6126,1307836.5747,28981.6752,337.2967,738.2417,48.7005,486438.0848,2698.5892,5234.4764,663.6464
218,2022-02-04,,741844.6006,-59147.9159,-369.611,300.1832,-24.0403,1309874.634,28940.4027,312.438,686.8949,45.1608,490070.462,2524.2008,4926.6721,621.7153
219,2022-02-05,,742361.5465,-62975.2872,-386.9406,189.8335,-26.8623,1311780.2186,28902.208,289.3016,638.8759,41.8629,493726.5335,2359.8436,4634.3804,582.1252
220,2022-02-06,,742838.9415,-66804.1764,-399.6066,93.0895,-29.143,1313560.8156,28866.8692,267.7761,593.9886,38.7914,497404.8237,2205.0341,4357.0238,544.769
221,2022-02-07,,743279.5786,-70634.9101,-408.1592,8.7184,-30.9413,1315223.5664,28834.1796,247.7564,552.0464,35.9318,501103.9365,2059.3049,4094.0285,509.5423
222,2022-02-08,,743686.074,-74467.7589,-413.0995,-64.4233,-32.3113,1316775.2753,28803.9465,229.144,512.8725,33.2704,504822.5516,1922.2043,3844.8259,476.3441
223,2022-02-09,,744060.8763,-78302.9435,-414.8834,-127.395,-33.3022,1318222.4195,28775.99,211.8463,476.299,30.7943,508559.421,1793.2972,3608.855,445.0765
224,2022-02-10,,744406.2755,-82140.6393,-413.9245,-181.1762,-33.959,1319571.1585,28750.1428,195.7765,442.1671,28.4916,512313.3665,1672.1644,3385.5637,415.6447
225,2022-02-11,,744724.4117,-85980.9823,-410.5974,-226.6714,-34.3226,1320827.3443,28726.249,180.8529,410.3266,26.3507,516083.2758,1558.4029,3174.4102,387.9573
226,2022-02-12,,745017.2838,-89824.0727,-405.241,-264.7146,-34.4303,1321996.5321,28704.1634,166.9991,380.6354,24.3612,519868.1,1451.6254,2974.8642,361.9262
227,2022-02-13,,745286.7573,-93669.9799,-398.1607,-296.0733,-34.3159,1323083.9907,28683.751,154.1433,352.9593,22.5129,523666.8502,1351.4604,2786.4078,337.4665
228,2022-02-14,,745534.572,-97518.7456,-389.6316,-321.4532,-34.0099,1324094.713,28664.8861,142.2183,327.1715,20.7965,527478.595,1257.552,2608.5364,314.4966
229,2022-02-15,,745762.3497,-101370.3873,-379.9006,-341.5017,-33.5399,1325033.4269,28647.4519,131.1611,303.1526,19.2032,531302.4577,1169.5592,2440.7594,292.9382
230,2022-02-16,,745971.6009,-105224.9018,-369.1886,-356.812,-32.9308,1325904.6057,28631.3397,120.9125,280.7899,17.7247,535137.6133,1087.1559,2282.6003,272.716
231,2022-02-17,,746163.7317,-109082.2677,-357.6932,-367.9265,-32.2052,1326712.4784,28616.4487,111.4173,259.9772,16.3533,538983.2862,1010.0307,2133.5977,253.7581
232,2022-02-18,,746340.0506,-112942.4482,-345.5899,-375.3409,-31.3831,1327461.0408,28602.6851,102.6237,240.6146,15.0818,542838.7477,937.8859,1993.3048,235.9953
233,2022-02-19,,746501.7737,-116805.3931,-333.0344,-379.5065,-30.4824,1328154.0652,28589.962,94.4831,222.608,13.9032,546703.3134,870.4379,1861.2905,219.3618
234,2022-02-20,,746650.0311,-120671.041,-320.1644,-380.8342,-29.5194,1328795.1099,28578.1985,86.9503,205.8689,12.8114,550576.3411,807.4162,1737.1385,203.7946
235,2022-02-21,,746785.8723,-124539.3214,-307.1009,-379.6969,-28.5081,1329387.5302,28567.3199,79.9828,190.3142,11.8002,554457.2284,748.5634,1620.448,189.2333
236,2022-02-22,,746910.2712,-128410.1561,-293.9499,-376.4327,-27.4614,1329934.4868,28557.2566,73.5409,175.8655,10.8641,558345.4109,693.6344,1510.8335,175.6207
237,2022-02-23,,747024.1311,-132283.4608,-280.8035,-371.3472,-26.3904,1330438.9558,28547.9443,67.5876,162.4497,9.998,562240.3597,642.3964,1407.9242,162.9021
238,2022-02-24,,747128.2892,-136159.1465,-267.7417,-364.7161,-25.3049,1330903.7376,28539.3235,62.0881,149.9976,9.1969,566141.5798,594.6281,1311.3646,151.0254
239,2022-02-25,,747223.5215,-140037.1205,-254.833,-356.7876,-24.2135,1331331.4655,28531.3389,57.0101,138.4446,8.4562,570048.608,550.1195,1220.8137,139.941
240,2022-02-26,,747310.5459,-143917.2877,-242.1358,-347.7844,-23.1237,1331724.614,28523.9396,52.3235,127.73,7.7717,573961.0114,508.6713,1135.9448,129.6019
241,2022-02-27,,747390.027,-147799.5515,-229.6992,-337.9059,-22.0418,1332085.5074,28517.0781,47.9999,117.797,7.1394,577878.3853,470.0949,1056.4456,119.9633
242,2022-02-28,,747462.5795,-151683.8144,-217.5644,-327.3302,-20.9736,1332416.3275,28510.711,44.0131,108.5923,6.5556,581800.352,434.2114,982.0174,110.9828
243,2022-03-01,,747528.7713,-155569.9789,-205.7649,-316.2154,-19.9236,1332719.1208,28504.7978,40.3385,100.0657,6.0167,585726.5589,400.8516,912.3751,102.6201
244,2022-03-02,,747589.1271,-159457.948,-194.3276,-304.702,-18.8959,1332995.8063,28499.3013,36.9532,92.1707,5.5196,589656.6771,369.8555,847.2465,94.8372
245,2022-03-03,,747644.1312,-163347.6258,-183.2738,-292.9139,-17.8937,1333248.1823,28494.1871,33.8359,84.8634,5.0613,593590.4003,341.0718,786.3724,87.5977
246,2022-03-04,,747694.2306,-167238.918,-172.6194,-280.96,-16.9197,1333477.9331,28489.4233,30.9668,78.1028,4.6388,597527.4428,314.3578,729.5058,80.8677
247,2022-03-05,,747739.8375,-171131.7322,-162.3755,-268.9355,-15.9761,1333686.6353,28484.9808,28.3273,71.8507,4.2496,601467.5388,289.5786,676.4117,74.6147
248,2022-03-06,,747781.3315,-175025.9782,-152.5495,-256.9235,-15.0645,1333875.7638,28480.8326,25.9001,66.0711,3.8912,605410.4413,266.6072,626.8667,68.8081
249,2022-03-07,,747819.0626,-178921.5684,-143.1449,-244.9954,-14.1862,1334046.6977,28476.9537,23.6694,60.7307,3.5614,609355.9203,245.3238,580.6587,63.4192
250,2022-03-08,,747853.3526,-182818.4177,-134.1622,-233.2129,-13.3421,1334200.7262,28473.3213,21.6202,55.798,3.2579,613303.7622,225.6156,537.586,58.4208
251,2022-03-09,,747884.4979,-186716.444,-125.5993,-221.6281,-12.5327,1334339.0534,28469.9144,19.7387,51.244,2.9789,617253.7688,207.3764,497.4576,53.787
252,2022-03-10,,747912.7707,-190615.5684,-117.4516,-210.285,-11.7583,1334462.8035,28466.7135,18.0119,47.0413,2.7224,621205.756,190.5064,460.0924,49.4939
253,2022-03-11,,747938.4214,-194515.7146,-109.7128,-199.2203,-11.0189,1334573.0257,28463.7009,16.4279,43.1646,2.4868,625159.5531,174.9118,425.3188,45.5185
254,2022-03-12,,747961.6797,-198416.81,-102.3746,-188.4638,-10.3142,1334670.6985,28460.8601,14.9757,39.59,2.2705,629115.002,160.5044,392.9745,41.8396
255,2022-03-13,,747982.7567,-202318.7846,-95.4274,-178.0395,-9.6439,1334756.7345,28458.1762,13.645,36.2956,2.072,633071.9563,147.2016,362.906,38.4368
256,2022-03-14,,748001.8459,-206221.5722,-88.8607,-167.9661,-9.0074,1334831.9838,28455.6353,12.4261,33.2605,1.8898,637030.2802,134.9257,334.9681,35.2913
257,2022-03-15,,748019.1246,-210125.1092,-82.6628,-158.2575,-8.4039,1334897.2385,28453.2248,11.3104,30.4658,1.7229,640989.8484,123.604,309.0239,32.3853
258,2022-03-16,,748034.7553,-214029.3354,-76.8213,-148.9235,-7.8328,1334953.2357,28450.9331,10.2895,27.8934,1.5699,644950.545,113.1685,284.944,29.702
259,2022-03-17,,748048.887,-217934.1938,-71.3233,-139.9703,-7.293,1335000.6618,28448.7495,9.3559,25.5268,1.4297,648912.2628,103.5554,262.6066,27.2259
260,2022-03-18,,748061.6557,-221839.6301,-66.1556,-131.4009,-6.7837,1335040.1549,28446.6644,8.5026,23.3504,1.3014,652874.9029,94.7051,241.8966,24.9423
261,2022-03-19,,748073.1861,-225745.5931,-61.3046,-123.2155,-6.3037,1335072.3085,28444.6688,7.7231,21.3499,1.184,656838.3741,86.5618,222.7059,22.8374
262,2022-03-20,,748083.592,-229652.0346,-56.7567,-115.4118,-5.8521,1335097.674,28442.7546,7.0113,19.512,1.0767,660802.5923,79.0734,204.9325,20.8984
263,2022-03-21,,748092.9774,-233558.909,-52.498,-107.9855,-5.4276,1335116.7638,28440.9143,6.3618,17.8241,0.9785,664767.48,72.1913,188.4807,19.1132
264,2022-03-22,,748101.4371,-237466.1734,-48.515,-100.9305,-5.0293,1335130.0536,28439.1411,5.7693,16.2747,0.8889,668732.9658,65.8703,173.2605,17.4706
265,2022-03-23,,748109.0579,-241373.7875,-44.7942,-94.2394,-4.6558,1335137.985,28437.4288,5.2293,14.8532,0.807,672698.9839,60.0679,159.1872,15.96
266,2022-03-24,,748115.9187,-245281.7135,-41.3222,-87.9033,-4.3062,1335140.9676,28435.7717,4.7372,13.5495,0.7323,676665.4741,54.7448,146.1814,14.5718
267,2022-03-25,,748122.0915,-249189.916,-38.0861,-81.9124,-3.9793,1335139.3813,28434.1647,4.2891,12.3545,0.6642,680632.3808,49.8644,134.1688,13.2966
268,2022-03-26,,748127.6418,-253098.3618,-35.073,-76.2561,-3.6739,1335133.5783,28432.603,3.8813,11.2597,0.6021,684599.653,45.3925,123.0794,12.1261
269,2022-03-27,,748132.6292,-257007.0198,-32.2706,-70.9232,-3.3889,1335123.885,28431.0824,3.5104,10.257,0.5455,688567.2439,41.2973,112.8479,11.0522
270,2022-03-28,,748137.108,-260915.8612,-29.6669,-65.9018,-3.1234,1335110.6036,28429.5989,3.1731,9.3392,0.4939,692535.1107,37.5494,103.413,10.0676
271,2022-03-29,,748141.1275,-264824.859,-27.2503,-61.1801,-2.8762,1335094.014,28428.149,2.8667,8.4995,0.447,696503.2139,34.1215,94.7175,9.1654
272,2022-03-30,,748144.7325,-268733.9879,-25.0096,-56.7456,-2.6463,1335074.3753,28426.7294,2.5884,7.7317,0.4043,700471.5176,30.9881,86.7078,8.3392
273,2022-03-31,,748147.9636,-272643.2247,-22.9341,-52.5859,-2.4327,1335051.9272,28425.3373,2.3358,7.0298,0.3655,704439.9887,28.1256,79.3338,7.583
274,2022-04-01,,748150.8578,-276552.5476,-21.0135,-48.6887,-2.2344,1335026.8913,28423.9698,2.1067,6.3886,0.3302,708408.5972,25.5122,72.5488,6.8913
275,2022-04-02,,748153.4484,-280461.9365,-19.238,-45.0416,-2.0507,1334999.4726,28422.6247,1.899,5.8031,0.2982,712377.3154,23.1277,66.3092,6.259
276,2022-04-03,,748155.7658,-284371.3726,-17.5981,-41.6324,-1.8805,1334969.8605,28421.2997,1.7108,5.2687,0.2691,716346.1181,20.9535,60.5742,5.6813
277,2022-04-04,,748157.8375,-288280.8386,-16.085,-38.449,-1.723,1334938.2298,28419.9929,1.5404,4.7812,0.2428,720314.9824,18.9721,55.3059,5.1539
278,2022-04-05,,748159.6882,-292190.3187,-14.6902,-35.4797,-1.5774,1334904.7422,28418.7023,1.3861,4.3367,0.2189,724283.8873,17.1676,50.4691,4.6727
279,2022-04-06,,748161.3404,-296099.7978,-13.4055,-32.7129,-1.4429,1334869.5467,28417.4264,1.2466,3.9316,0.1972,728252.8137,15.5252,46.0309,4.2338
280,2022-04-07,,748162.8144,-300009.2625,-12.2234,-30.1375,-1.3188,1334832.7811,28416.1638,1.1205,3.5626,0.1776,732221.7441,14.0313,41.9606,3.8338
281,2022-04-08,,748164.1285,-303918.7002,-11.1366,-27.7426,-1.2045,1334794.5722,28414.913,1.0066,3.2266,0.1598,736190.6627,12.6734,38.2298,3.4696
282,2022-04-09,,748165.2992,-307828.0991,-10.1384,-25.5178,-1.0991,1334755.0372,28413.6728,0.9037,2.9209,0.1438,740159.555,11.4397,34.8121,3.138
283,2022-04-10,,748166.3415,-311737.4488,-9.2224,-23.4531,-1.0022,1334714.284,28412.4423,0.8108,2.6428,0.1292,744128.408,10.3198,31.6829,2.8364
284,2022-04-11,,748167.2688,-315646.7393,-8.3826,-21.5386,-0.9131,1334672.412,28411.2203,0.7271,2.3901,0.1161,748097.2098,9.3036,28.8195,2.5622
285,2022-04-12,,748168.0932,-319555.9616,-7.6132,-19.7652,-0.8313,1334629.5129,28410.006,0.6516,2.1604,0.1042,752065.9495,8.3822,26.2008,2.3131
286,2022-04-13,,748168.8257,-323465.1076,-6.909,-18.1239,-0.7562,1334585.671,28408.7986,0.5836,1.9518,0.0936,756034.6173,7.5474,23.8073,2.0869
287,2022-04-14,,748169.4759,-327374.1696,-6.2651,-16.6063,-0.6874,1334540.9641,28407.5975,0.5224,1.7625,0.0839,760003.2043,6.7913,21.6206,1.8817
288,2022-04-15,,748170.0527,-331283.1407,-5.6767,-15.2043,-0.6243,1334495.4637,28406.4018,0.4673,1.5907,0.0752,763971.7026,6.1071,19.6242,1.6956
289,2022-04-16,,748170.5641,-335192.0146,-5.1395,-13.9103,-0.5666,1334449.2355,28405.2111,0.4178,1.4349,0.0674,767940.1047,5.4884,17.8025,1.5269
290,2022-04-17,,748171.017,-339100.7854,-4.6496,-12.717,-0.5138,1334402.3401,28404.0248,0.3733,1.2938,0.0603,771908.4041,4.9291,16.141,1.3741
291,2022-04-18,,748171.418,-343009.4479,-4.2031,-11.6174,-0.4656,1334354.8331,28402.8424,0.3333,1.1659,0.054,775876.5949,4.424,14.6267,1.2359
292,2022-04-19,,748171.7726,-346917.9973,-3.7965,-10.6051,-0.4215,1334306.7656,28401.6636,0.2975,1.0501,0.0483,779844.6716,3.9681,13.2472,1.1108
293,2022-04-20,,748172.0861,-350826.4292,-3.4265,-9.674,-0.3814,1334258.1847,28400.488,0.2653,0.9454,0.0431,783812.6294,3.5568,11.9912,0.9978
294,2022-04-21,,748172.3629,-354734.7395,-3.0903,-8.8182,-0.3448,1334209.1335,28399.3151,0.2364,0.8506,0.0385,787780.464,3.1861,10.8483,0.8957
295,2022-04-22,,748172.6072,-358642.9247,-2.7848,-8.0323,-0.3114,1334159.6518,28398.1448,0.2106,0.765,0.0344,791748.1713,2.8521,9.809,0.8035
296,2022-04-23,,748172.8226,-362550.9814,-2.5076,-7.3112,-0.2811,1334109.7758,28396.9767,0.1875,0.6876,0.0307,795715.7479,2.5514,8.8644,0.7204
297,2022-04-24,,748173.0124,-366458.9066,-2.2562,-6.6501,-0.2535,1334059.5391,28395.8106,0.1668,0.6178,0.0273,799683.1904,2.281,8.0063,0.6454
298,2022-04-25,,748173.1796,-370366.6976,-2.0285,-6.0445,-0.2285,1334008.9723,28394.6463,0.1483,0.5547,0.0244,803650.4962,2.0378,7.2272,0.5779
299,2022-04-26,,748173.3266,-374274.352,-1.8223,-5.4901,-0.2058,1333958.1035,28393.4835,0.1317,0.4978,0.0217,807617.6625,1.8193,6.5204,0.5171
300,2022-04-27,,748173.4558,-378181.8676,-1.6358,-4.983,-0.1852,1333906.9586,28392.3222,0.117,0.4465,0.0193,811584.687,1.6232,5.8794,0.4623
301,2022-04-28,,748173.5693,-382089.2422,-1.4672,-4.5196,-0.1665,1333855.5613,28391.1621,0.1038,0.4003,0.0172,815551.5677,1.4472,5.2985,0.4131
302,2022-04-29,,748173.6689,-385996.4741,-1.315,-4.0964,-0.1496,1333803.9332,28390.0031,0.092,0.3587,0.0152,819518.3027,1.2895,4.7723,0.3689
303,2022-04-30,,748173.7562,-389903.5616,-1.1776,-3.7102,-0.1343,1333752.0942,28388.8451,0.0815,0.3213,0.0135,823484.8904,1.1481,4.2959,0.3292
304,2022-05-01,,748173.8327,-393810.5034,-1.0538,-3.3581,-0.1205,1333700.0626,28387.688,0.0722,0.2876,0.012,827451.3292,1.0215,3.865,0.2936
305,2022-05-02,,748173.8997,-397717.2979,-0.9422,-3.0373,-0.108,1333647.855,28386.5316,0.0639,0.2573,0.0107,831417.6178,0.9083,3.4753,0.2616
306,2022-05-03,,748173.9582,-401623.9441,-0.8418,-2.7453,-0.0967,1333595.4868,28385.376,0.0565,0.23,0.0094,835383.755,0.807,3.1231,0.233
307,2022-05-04,,748174.0094,-405530.4408,-0.7515,-2.4796,-0.0865,1333542.972,28384.221,0.05,0.2056,0.0084,839349.7398,0.7166,2.8051,0.2074
308,2022-05-05,,748174.0541,-409436.7871,-0.6704,-2.2381,-0.0774,1333490.3233,28383.0665,0.0441,0.1836,0.0074,843315.5712,0.6358,2.518,0.1844
309,2022-05-06,,748174.0931,-413342.9821,-0.5975,-2.0187,-0.0692,1333437.5525,28381.9126,0.0389,0.1639,0.0066,847281.2483,0.5637,2.259,0.1639
310,2022-05-07,,748174.127,-417249.025,-0.5322,-1.8196,-0.0617,1333384.6703,28380.759,0.0343,0.1463,0.0058,851246.7705,0.4995,2.0255,0.1456
311,2022-05-08,,748174.1566,-421154.9152,-0.4736,-1.639,-0.0551,1333331.6866,28379.6059,0.0303,0.1304,0.0051,855212.137,0.4422,1.8151,0.1292
312,2022-05-09,,748174.1823,-425060.652,-0.4211,-1.4753,-0.0491,1333278.6104,28378.4531,0.0267,0.1163,0.0045,859177.3472,0.3913,1.6257,0.1146
313,2022-05-10,,748174.2047,-428966.2348,-0.3741,-1.327,-0.0437,1333225.4498,28377.3006,0.0235,0.1036,0.004,863142.4007,0.3459,1.4552,0.1016
314,2022-05-11,,748174.2241,-432871.6632,-0.3321,-1.1929,-0.0389,1333172.2125,28376.1484,0.0206,0.0922,0.0035,867107.2969,0.3056,1.3018,0.0899
315,2022-05-12,,748174.241,-436776.9367,-0.2946,-1.0715,-0.0346,1333118.9052,28374.9965,0.0181,0.0821,0.0031,871072.0355,0.2698,1.1639,0.0796
316,2022-05-13,,748174.2555,-440682.055,-0.2611,-0.9619,-0.0308,1333065.5342,28373.8448,0.0159,0.073,0.0027,875036.616,0.238,1.0401,0.0704
317,2022-05-14,,748174.2682,-444587.0176,-0.2313,-0.8629,-0.0273,1333012.1054,28372.6932,0.014,0.0649,0.0024,879001.0382,0.2098,0.9288,0.0622
318,2022-05-15,,748174.2791,-448491.8242,-0.2046,-0.7736,-0.0242,1332958.6239,28371.5419,0.0123,0.0576,0.0021,882965.3018,0.1848,0.829,0.0549
319,2022-05-16,,748174.2885,-452396.4747,-0.1809,-0.693,-0.0215,1332905.0945,28370.3908,0.0108,0.0512,0.0019,886929.4065,0.1627,0.7395,0.0485
320,2022-05-17,,748174.2967,-456300.9687,-0.1599,-0.6204,-0.019,1332851.5216,28369.2397,0.0094,0.0454,0.0016,890893.352,0.1431,0.6593,0.0428
321,2022-05-18,,748174.3037,-460205.306,-0.1411,-0.5551,-0.0168,1332797.9092,28368.0889,0.0082,0.0403,0.0014,894857.1383,0.1258,0.5875,0.0377
322,2022-05-19,,748174.3098,-464109.4864,-0.1245,-0.4963,-0.0149,1332744.261,28366.9381,0.0072,0.0357,0.0013,898820.7651,0.1104,0.5231,0.0332
323,2022-05-20,,748174.315,-468013.5098,-0.1097,-0.4434,-0.0132,1332690.5803,28365.7875,0.0063,0.0316,0.0011,902784.2322,0.0969,0.4656,0.0292
324,2022-05-21,,748174.3195,-471917.376,-0.0966,-0.3959,-0.0116,1332636.8702,28364.6369,0.0055,0.028,0.001,906747.5396,0.085,0.4141,0.0257
325,2022-05-22,,748174.3233,-475821.0849,-0.085,-0.3532,-0.0103,1332583.1334,28363.4865,0.0048,0.0248,0.0008,910710.6872,0.0745,0.3681,0.0225
326,2022-05-23,,748174.3266,-479724.6364,-0.0747,-0.315,-0.009,1332529.3724,28362.3362,0.0042,0.0219,0.0007,914673.6747,0.0652,0.3271,0.0198
327,2022-05-24,,748174.3294,-483628.0304,-0.0656,-0.2807,-0.008,1332475.5896,28361.1859,0.0036,0.0194,0.0006,918636.5022,0.057,0.2904,0.0174
328,2022-05-25,,748174.3318,-487531.2667,-0.0576,-0.2499,-0.007,1332421.7871,28360.0357,0.0032,0.0171,0.0006,922599.1696,0.0499,0.2577,0.0152
329,2022-05-26,,748174.3339,-491434.3453,-0.0505,-0.2224,-0.0062,1332367.9669,28358.8856,0.0028,0.0151,0.0005,926561.6768,0.0436,0.2286,0.0133
330,2022-05-27,,748174.3356,-495337.2662,-0.0442,-0.1978,-0.0054,1332314.1306,28357.7356,0.0024,0.0134,0.0004,930524.0237,0.038,0.2026,0.0117
331,2022-05-28,,748174.3371,-499240.0292,-0.0387,-0.1758,-0.0048,1332260.2799,28356.5857,0.0021,0.0118,0.0004,934486.2104,0.0331,0.1795,0.0102
332,2022-05-29,,748174.3384,-503142.6344,-0.0339,-0.1561,-0.0042,1332206.4163,28355.4358,0.0018,0.0104,0.0003,938448.2367,0.0289,0.1589,0.0089
333,2022-05-30,,748174.3395,-507045.0817,-0.0296,-0.1386,-0.0037,1332152.5411,28354.2859,0.0016,0.0092,0.0003,942410.1026,0.0252,0.1406,0.0078
334,2022-05-31,,748174.3404,-510947.371,-0.0258,-0.1229,-0.0032,1332098.6555,28353.1362,0.0014,0.0081,0.0002,946371.8081,0.0219,0.1244,0.0068
335,2022-06-01,,748174.3412,-514849.5023,-0.0225,-0.1089,-0.0028,1332044.7606,28351.9865,0.0012,0.0071,0.0002,950333.3531,0.019,0.1099,0.0059
336,2022-06-02,,748174.3419,-518751.4757,-0.0196,-0.0965,-0.0024,1331990.8574,28350.8368,0.001,0.0062,0.0002,954294.7378,0.0165,0.0971,0.0052
337,2022-06-03,,748174.3424,-522653.291,-0.0171,-0.0854,-0.0021,1331936.947,28349.6872,0.0009,0.0055,0.0002,958255.9619,0.0143,0.0857,0.0045
338,2022-06-04,,748174.3429,-526554.9482,-0.0149,-0.0756,-0.0019,1331883.03,28348.5377,0.0008,0.0048,0.0001,962217.0256,0.0124,0.0756,0.0039
339,2022-06-05,,748174.3433,-530456.4474,-0.0129,-0.0668,-0.0016,1331829.1073,28347.3882,0.0007,0.0042,0.0001,966177.9287,0.0108,0.0667,0.0034
340,2022-06-06,,748174.3436,-534357.7886,-0.0112,-0.059,-0.0014,1331775.1796,28346.2388,0.0006,0.0037,0.0001,970138.6714,0.0093,0.0588,0.0029
341,2022-06-07,,748174.3439,-538258.9716,-0.0098,-0.0521,-0.0012,1331721.2475,28345.0894,0.0005,0.0033,0.0001,974099.2535,0.0081,0.0518,0.0026
342,2022-06-08,,748174.3442,-542159.9965,-0.0085,-0.046,-0.0011,1331667.3116,28343.94,0.0004,0.0029,0.0001,978059.6751,0.007,0.0456,0.0022
343,2022-06-09,,748174.3444,-546060.8634,-0.0073,-0.0405,-0.0009,1331613.3724,28342.7908,0.0004,0.0025,0.0001,982019.9362,0.006,0.0401,0.0019
344,2022-06-10,,748174.3445,-549961.5721,-0.0063,-0.0357,-0.0008,1331559.4304,28341.6415,0.0003,0.0022,0.0001,985980.0368,0.0052,0.0352,0.0017
345,2022-06-11,,748174.3447,-553862.1228,-0.0055,-0.0315,-0.0007,1331505.4861,28340.4923,0.0003,0.0019,0.0,989939.9768,0.0045,0.031,0.0014
346,2022-06-12,,748174.3448,-557762.5153,-0.0047,-0.0277,-0.0006,1331451.5399,28339.3432,0.0002,0.0017,0.0,993899.7564,0.0039,0.0272,0.0012
347,2022-06-13,,748174.3449,-561662.7497,-0.0041,-0.0244,-0.0005,1331397.592,28338.1941,0.0002,0.0015,0.0,997859.3754,0.0033,0.0239,0.0011
348,2022-06-14,,748174.345,-565562.8261,-0.0035,-0.0214,-0.0005,1331343.643,28337.0451,0.0002,0.0013,0.0,1001818.8338,0.0029,0.0209,0.0009
349,2022-06-15,,748174.345,-569462.7443,-0.003,-0.0188,-0.0004,1331289.693,28335.8961,0.0001,0.0011,0.0,1005778.1318,0.0025,0.0184,0.0008
350,2022-06-16,,748174.3451,-573362.5044,-0.0026,-0.0165,-0.0003,1331235.7423,28334.7471,0.0001,0.001,0.0,1009737.2692,0.0021,0.0161,0.0007
351,2022-06-17,,748174.3451,-577262.1064,-0.0022,-0.0145,-0.0003,1331181.7912,28333.5982,0.0001,0.0009,0.0,1013696.2461,0.0018,0.0141,0.0006
352,2022-06-18,,748174.3452,-581161.5503,-0.0019,-0.0127,-0.0003,1331127.8399,28332.4494,0.0001,0.0007,0.0,1017655.0625,0.0015,0.0123,0.0005
353,2022-06-19,,748174.3452,-585060.8361,-0.0017,-0.0111,-0.0002,1331073.8887,28331.3006,0.0001,0.0007,0.0,1021613.7184,0.0013,0.0108,0.0004
354,2022-06-20,,748174.3452,-588959.9638,-0.0014,-0.0097,-0.0002,1331019.9377,28330.1518,0.0001,0.0006,0.0,1025572.2138,0.0011,0.0094,0.0004
355,2022-06-21,,748174.3452,-592858.9334,-0.0012,-0.0085,-0.0002,1330965.9871,28329.0031,0.0001,0.0005,0.0,1029530.5488,0.001,0.0082,0.0003
356,2022-06-22,,748174.3453,-596757.745,-0.001,-0.0075,-0.0001,1330912.0371,28327.8545,0.0,0.0004,9.1409e-06,1033488.7232,0.0008,0.0072,0.0003
357,2022-06-23,,748174.3453,-600656.3985,-0.0009,-0.0065,-0.0001,1330858.0877,28326.7059,0.0,0.0004,7.8011e-06,1037446.7371,0.0007,0.0063,0.0002
358,2022-06-24,,748174.3453,-604554.8939,-0.0008,-0.0057,-0.0001,1330804.1392,28325.5573,0.0,0.0003,6.6524e-06,1041404.5905,0.0006,0.0055,0.0002
359,2022-06-25,,748174.3453,-608453.2312,-0.0007,-0.005,-0.0001,1330750.1917,28324.4088,0.0,0.0003,5.6683e-06,1045362.2835,0.0005,0.0048,0.0002
360,2022-06-26,,748174.3453,-612351.4105,-0.0006,-0.0043,-0.0001,1330696.2452,28323.2603,0.0,0.0002,4.8259e-06,1049319.816,0.0004,0.0042,0.0001
361,2022-06-27,,748174.3453,-616249.4317,-0.0005,-0.0038,-0.0001,1330642.2998,28322.1119,0.0,0.0002,4.1055e-06,1053277.188,0.0004,0.0036,0.0001
362,2022-06-28,,748174.3453,-620147.2949,-0.0004,-0.0033,-0.0001,1330588.3557,28320.9635,0.0,0.0002,3.4899e-06,1057234.3996,0.0003,0.0032,0.0001
363,2022-06-29,,748174.3453,-624045.0,-0.0003,-0.0029,0.0,1330534.413,28319.8152,0.0,0.0002,2.9642e-06,1061191.4508,0.0003,0.0028,0.0001
364,2022-06-30,,748174.3453,-627942.5471,-0.0003,-0.0025,0.0,1330480.4717,28318.6669,0.0,0.0001,2.5158e-06,1065148.3414,0.0002,0.0024,0.0001
